=== [Python 3.10] START ===
Log file: logs/python-3.10.log
--- Python version ---
Python 3.10.20
--- Running pytest ---
============================= test session starts ==============================
platform darwin -- Python 3.10.20, pytest-9.0.3, pluggy-1.6.0
rootdir: /Users/dh935740@reading.ac.uk/PyActiveStorage
configfile: pyproject.toml
plugins: cov-7.1.0, xdist-3.8.0, metadata-3.1.1, html-4.2.0
created: 2/2 workers
2 workers [112 items]

FFxxxxx..........................FxxFFF....ssF............FFx........... [ 64%]
.sF.............FFFFFFF..s...s....FFFFFF                                 [100%]
==================================== ERRORS ====================================
_______________ ERROR collecting tests/unit/test_active_axis.py ________________
../../../PyActiveStorage/tests/unit/test_active_axis.py:27: in <module>
    ref = netCDF4.Dataset(rfile)[ncvar][...]
src/netCDF4/_netCDF4.pyx:2522: in netCDF4._netCDF4.Dataset.__init__
    ???
src/netCDF4/_netCDF4.pyx:2159: in netCDF4._netCDF4._ensure_nc_success
    ???
E   FileNotFoundError: [Errno 2] No such file or directory: 'tests/test_data/test1.nc'
_______________ ERROR collecting tests/unit/test_active_axis.py ________________
../../../PyActiveStorage/tests/unit/test_active_axis.py:27: in <module>
    ref = netCDF4.Dataset(rfile)[ncvar][...]
src/netCDF4/_netCDF4.pyx:2522: in netCDF4._netCDF4.Dataset.__init__
    ???
src/netCDF4/_netCDF4.pyx:2159: in netCDF4._netCDF4._ensure_nc_success
    ???
E   FileNotFoundError: [Errno 2] No such file or directory: 'tests/test_data/test1.nc'
=================================== FAILURES ===================================
_________________________ test_with_valid_netCDF_file __________________________
[gw1] darwin -- Python 3.10.20 /Users/dh935740@reading.ac.uk/miniconda3/envs/activestorage-3.10/bin/python3.10

self = <aiohttp.connector.TCPConnector object at 0x10edb8c70>, addr_infos = []
req = <aiohttp.client_reqrep.ClientRequest object at 0x10edb8a60>
timeout = ClientTimeout(total=None, connect=None, sock_read=15, sock_connect=5, ceil_threshold=5)
client_error = <class 'aiohttp.client_exceptions.ClientConnectorError'>
args = (functools.partial(<class 'aiohttp.client_proto.ResponseHandler'>, loop=<_UnixSelectorEventLoop running=True closed=False debug=False>),)
kwargs = {'server_hostname': None, 'ssl': None}

    async def _wrap_create_connection(
        self,
        *args: Any,
        addr_infos: List[AddrInfoType],
        req: ClientRequest,
        timeout: "ClientTimeout",
        client_error: Type[Exception] = ClientConnectorError,
        **kwargs: Any,
    ) -> Tuple[asyncio.Transport, ResponseHandler]:
        try:
            async with ceil_timeout(
                timeout.sock_connect, ceil_threshold=timeout.ceil_threshold
            ):
>               sock = await aiohappyeyeballs.start_connection(
                    addr_infos=addr_infos,
                    local_addr_infos=self._local_addr_infos,
                    happy_eyeballs_delay=self._happy_eyeballs_delay,
                    interleave=self._interleave,
                    loop=self._loop,
                    socket_factory=self._socket_factory,
                )

../../../miniconda3/envs/activestorage-3.10/lib/python3.10/site-packages/aiohttp/connector.py:1310: 
_ _ _ _ _ _ _ _ _ _ _ _ _ _ _ _ _ _ _ _ _ _ _ _ _ _ _ _ _ _ _ _ _ _ _ _ _ _ _ _ 

addr_infos = [(<AddressFamily.AF_INET6: 30>, <SocketKind.SOCK_STREAM: 1>, 6, '', ('::1', 9000, 0, 0)), (<AddressFamily.AF_INET: 2>, <SocketKind.SOCK_STREAM: 1>, 6, '', ('127.0.0.1', 9000))]

    async def start_connection(
        addr_infos: Sequence[AddrInfoType],
        *,
        local_addr_infos: Optional[Sequence[AddrInfoType]] = None,
        happy_eyeballs_delay: Optional[float] = None,
        interleave: Optional[int] = None,
        loop: Optional[asyncio.AbstractEventLoop] = None,
        socket_factory: Optional[SocketFactoryType] = None,
    ) -> socket.socket:
        """
        Connect to a TCP server.
    
        Create a socket connection to a specified destination.  The
        destination is specified as a list of AddrInfoType tuples as
        returned from getaddrinfo().
    
        The arguments are, in order:
    
        * ``family``: the address family, e.g. ``socket.AF_INET`` or
            ``socket.AF_INET6``.
        * ``type``: the socket type, e.g. ``socket.SOCK_STREAM`` or
            ``socket.SOCK_DGRAM``.
        * ``proto``: the protocol, e.g. ``socket.IPPROTO_TCP`` or
            ``socket.IPPROTO_UDP``.
        * ``canonname``: the canonical name of the address, e.g.
            ``"www.python.org"``.
        * ``sockaddr``: the socket address
    
        This method is a coroutine which will try to establish the connection
        in the background. When successful, the coroutine returns a
        socket.
    
        The expected use case is to use this method in conjunction with
        loop.create_connection() to establish a connection to a server::
    
                socket = await start_connection(addr_infos)
                transport, protocol = await loop.create_connection(
                    MyProtocol, sock=socket, ...)
        """
        if not (current_loop := loop):
            current_loop = asyncio.get_running_loop()
    
        single_addr_info = len(addr_infos) == 1
    
        if happy_eyeballs_delay is not None and interleave is None:
            # If using happy eyeballs, default to interleave addresses by family
            interleave = 1
    
        if interleave and not single_addr_info:
            addr_infos = _interleave_addrinfos(addr_infos, interleave)
    
        sock: Optional[socket.socket] = None
        # uvloop can raise RuntimeError instead of OSError
        exceptions: List[List[Union[OSError, RuntimeError]]] = []
        if happy_eyeballs_delay is None or single_addr_info:
            # not using happy eyeballs
            for addrinfo in addr_infos:
                try:
                    sock = await _connect_sock(
                        current_loop,
                        exceptions,
                        addrinfo,
                        local_addr_infos,
                        None,
                        socket_factory,
                    )
                    break
                except (RuntimeError, OSError):
                    continue
        else:  # using happy eyeballs
            open_sockets: Set[socket.socket] = set()
            try:
                sock, _, _ = await _staggered.staggered_race(
                    (
                        functools.partial(
                            _connect_sock,
                            current_loop,
                            exceptions,
                            addrinfo,
                            local_addr_infos,
                            open_sockets,
                            socket_factory,
                        )
                        for addrinfo in addr_infos
                    ),
                    happy_eyeballs_delay,
                )
            finally:
                # If we have a winner, staggered_race will
                # cancel the other tasks, however there is a
                # small race window where any of the other tasks
                # can be done before they are cancelled which
                # will leave the socket open. To avoid this problem
                # we pass a set to _connect_sock to keep track of
                # the open sockets and close them here if there
                # are any "runner up" sockets.
                for s in open_sockets:
                    if s is not sock:
                        with contextlib.suppress(OSError):
                            s.close()
                open_sockets = None  # type: ignore[assignment]
    
        if sock is None:
            all_exceptions = [exc for sub in exceptions for exc in sub]
            try:
                first_exception = all_exceptions[0]
                if len(all_exceptions) == 1:
                    raise first_exception
                else:
                    # If they all have the same str(), raise one.
                    model = str(first_exception)
                    if all(str(exc) == model for exc in all_exceptions):
                        raise first_exception
                    # Raise a combined exception so the user can see all
                    # the various error messages.
                    msg = "Multiple exceptions: {}".format(
                        ", ".join(str(exc) for exc in all_exceptions)
                    )
                    # If the errno is the same for all exceptions, raise
                    # an OSError with that errno.
                    if isinstance(first_exception, OSError):
                        first_errno = first_exception.errno
                        if all(
                            isinstance(exc, OSError) and exc.errno == first_errno
                            for exc in all_exceptions
                        ):
>                           raise OSError(first_errno, msg)
E                           ConnectionRefusedError: [Errno 61] Multiple exceptions: [Errno 61] Connect call failed ('::1', 9000, 0, 0), [Errno 61] Connect call failed ('127.0.0.1', 9000)

../../../miniconda3/envs/activestorage-3.10/lib/python3.10/site-packages/aiohappyeyeballs/impl.py:141: ConnectionRefusedError

The above exception was the direct cause of the following exception:

self = <aiobotocore.httpsession.AIOHTTPSession object at 0x10ec9fb80>
request = <AWSPreparedRequest stream_output=False, method=PUT, url=http://localhost:9000/pyactivestorage, headers={'User-Agent':...nvocation-id': b'9c07c5d0-72d1-4d99-8833-aaa62123ebcb', 'amz-sdk-request': b'attempt=5; max=5', 'Content-Length': '0'}>

    async def send(self, request):
        try:
            proxy_url = self._proxy_config.proxy_url_for(request.url)
            proxy_headers = self._proxy_config.proxy_headers_for(request.url)
            url = request.url
            headers = request.headers
            data = request.body
    
            if ensure_boolean(
                os.environ.get('BOTO_EXPERIMENTAL__ADD_PROXY_HOST_HEADER', '')
            ):
                # This is currently an "experimental" feature which provides
                # no guarantees of backwards compatibility. It may be subject
                # to change or removal in any patch version. Anyone opting in
                # to this feature should strictly pin botocore.
                host = urlparse(request.url).hostname
                proxy_headers['host'] = host
    
            headers_ = CIMultiDict(
                (z[0], _text(z[1], encoding='utf-8')) for z in headers.items()
            )
    
            # https://github.com/boto/botocore/issues/1255
            headers_['Accept-Encoding'] = 'identity'
    
            if isinstance(data, io.IOBase):
                data = _IOBaseWrapper(data)
    
            url = URL(url, encoded=True)
            session = await self._get_session(proxy_url)
>           response = await session.request(
                request.method,
                url=url,
                chunked=self._chunked(headers_),
                headers=headers_,
                data=data,
                proxy=proxy_url,
                proxy_headers=proxy_headers,
            )

../../../miniconda3/envs/activestorage-3.10/lib/python3.10/site-packages/aiobotocore/httpsession.py:230: 
_ _ _ _ _ _ _ _ _ _ _ _ _ _ _ _ _ _ _ _ _ _ _ _ _ _ _ _ _ _ _ _ _ _ _ _ _ _ _ _ 
../../../miniconda3/envs/activestorage-3.10/lib/python3.10/site-packages/aiohttp/client.py:788: in _request
    resp = await handler(req)
../../../miniconda3/envs/activestorage-3.10/lib/python3.10/site-packages/aiohttp/client.py:742: in _connect_and_send_request
    conn = await self._connector.connect(
../../../miniconda3/envs/activestorage-3.10/lib/python3.10/site-packages/aiohttp/connector.py:672: in connect
    proto = await self._create_connection(req, traces, timeout)
../../../miniconda3/envs/activestorage-3.10/lib/python3.10/site-packages/aiohttp/connector.py:1251: in _create_connection
    _, proto = await self._create_direct_connection(req, traces, timeout)
../../../miniconda3/envs/activestorage-3.10/lib/python3.10/site-packages/aiohttp/connector.py:1623: in _create_direct_connection
    raise last_exc
../../../miniconda3/envs/activestorage-3.10/lib/python3.10/site-packages/aiohttp/connector.py:1592: in _create_direct_connection
    transp, proto = await self._wrap_create_connection(
_ _ _ _ _ _ _ _ _ _ _ _ _ _ _ _ _ _ _ _ _ _ _ _ _ _ _ _ _ _ _ _ _ _ _ _ _ _ _ _ 

self = <aiohttp.connector.TCPConnector object at 0x10edb8c70>, addr_infos = []
req = <aiohttp.client_reqrep.ClientRequest object at 0x10edb8a60>
timeout = ClientTimeout(total=None, connect=None, sock_read=15, sock_connect=5, ceil_threshold=5)
client_error = <class 'aiohttp.client_exceptions.ClientConnectorError'>
args = (functools.partial(<class 'aiohttp.client_proto.ResponseHandler'>, loop=<_UnixSelectorEventLoop running=True closed=False debug=False>),)
kwargs = {'server_hostname': None, 'ssl': None}

    async def _wrap_create_connection(
        self,
        *args: Any,
        addr_infos: List[AddrInfoType],
        req: ClientRequest,
        timeout: "ClientTimeout",
        client_error: Type[Exception] = ClientConnectorError,
        **kwargs: Any,
    ) -> Tuple[asyncio.Transport, ResponseHandler]:
        try:
            async with ceil_timeout(
                timeout.sock_connect, ceil_threshold=timeout.ceil_threshold
            ):
                sock = await aiohappyeyeballs.start_connection(
                    addr_infos=addr_infos,
                    local_addr_infos=self._local_addr_infos,
                    happy_eyeballs_delay=self._happy_eyeballs_delay,
                    interleave=self._interleave,
                    loop=self._loop,
                    socket_factory=self._socket_factory,
                )
                # Add ssl_shutdown_timeout for Python 3.11+ when SSL is used
                if (
                    kwargs.get("ssl")
                    and self._ssl_shutdown_timeout
                    and sys.version_info >= (3, 11)
                ):
                    kwargs["ssl_shutdown_timeout"] = self._ssl_shutdown_timeout
                return await self._loop.create_connection(*args, **kwargs, sock=sock)
        except cert_errors as exc:
            raise ClientConnectorCertificateError(req.connection_key, exc) from exc
        except ssl_errors as exc:
            raise ClientConnectorSSLError(req.connection_key, exc) from exc
        except OSError as exc:
            if exc.errno is None and isinstance(exc, asyncio.TimeoutError):
                raise
>           raise client_error(req.connection_key, exc) from exc
E           aiohttp.client_exceptions.ClientConnectorError: Cannot connect to host localhost:9000 ssl:default [Multiple exceptions: [Errno 61] Connect call failed ('::1', 9000, 0, 0), [Errno 61] Connect call failed ('127.0.0.1', 9000)]

../../../miniconda3/envs/activestorage-3.10/lib/python3.10/site-packages/aiohttp/connector.py:1333: ClientConnectorError

During handling of the above exception, another exception occurred:

test_data_path = PosixPath('/Users/dh935740@reading.ac.uk/PyActiveStorage/tests/s3_exploratory/test_data')

    def test_with_valid_netCDF_file(test_data_path):
        """
        Test as above but with an actual netCDF4 file.
        Also, this has _FillValue and missing_value
    
        identical to tests/test_bigger_data.py::test_cesm2_native
    
        """
        ncfile = str(test_data_path / "cesm2_native.nc")
    
        # run POSIX (local) Active
        active = Active(ncfile, "TREFHT")
        active._version = 2
        active.method = "mean"
        active.components = True
        result2 = active[4:5, 1:2]
        print(result2)
    
        # put data onto S3. then rm from local
        object = os.path.basename(ncfile)
>       bucket_file = upload_to_s3(S3_URL, S3_ACCESS_KEY, S3_SECRET_KEY, S3_BUCKET,
                                   object, ncfile)

../../../PyActiveStorage/tests/s3_exploratory/test_s3_reduction.py:113: 
_ _ _ _ _ _ _ _ _ _ _ _ _ _ _ _ _ _ _ _ _ _ _ _ _ _ _ _ _ _ _ _ _ _ _ _ _ _ _ _ 
../../../PyActiveStorage/tests/s3_exploratory/test_s3_reduction.py:42: in upload_to_s3
    s3_fs.mkdir(bucket)
../../../miniconda3/envs/activestorage-3.10/lib/python3.10/site-packages/fsspec/asyn.py:118: in wrapper
    return sync(self.loop, func, *args, **kwargs)
../../../miniconda3/envs/activestorage-3.10/lib/python3.10/site-packages/fsspec/asyn.py:103: in sync
    raise return_result
../../../miniconda3/envs/activestorage-3.10/lib/python3.10/site-packages/fsspec/asyn.py:56: in _runner
    result[0] = await coro
../../../miniconda3/envs/activestorage-3.10/lib/python3.10/site-packages/s3fs/core.py:1093: in _mkdir
    await self._call_s3("create_bucket", **params)
../../../miniconda3/envs/activestorage-3.10/lib/python3.10/site-packages/s3fs/core.py:460: in _call_s3
    return await _error_wrapper(
../../../miniconda3/envs/activestorage-3.10/lib/python3.10/site-packages/s3fs/core.py:215: in _error_wrapper
    raise err
../../../miniconda3/envs/activestorage-3.10/lib/python3.10/site-packages/s3fs/core.py:169: in _error_wrapper
    return await func(*args, **kwargs)
../../../miniconda3/envs/activestorage-3.10/lib/python3.10/site-packages/aiobotocore/context.py:36: in wrapper
    return await func(*args, **kwargs)
../../../miniconda3/envs/activestorage-3.10/lib/python3.10/site-packages/aiobotocore/client.py:418: in _make_api_call
    http, parsed_response = await self._make_request(
../../../miniconda3/envs/activestorage-3.10/lib/python3.10/site-packages/aiobotocore/client.py:444: in _make_request
    return await self._endpoint.make_request(
../../../miniconda3/envs/activestorage-3.10/lib/python3.10/site-packages/aiobotocore/endpoint.py:120: in _send_request
    while await self._needs_retry(
../../../miniconda3/envs/activestorage-3.10/lib/python3.10/site-packages/aiobotocore/endpoint.py:280: in _needs_retry
    responses = await self._event_emitter.emit(
../../../miniconda3/envs/activestorage-3.10/lib/python3.10/site-packages/aiobotocore/hooks.py:68: in _emit
    response = await resolve_awaitable(handler(**kwargs))
../../../miniconda3/envs/activestorage-3.10/lib/python3.10/site-packages/aiobotocore/_helpers.py:6: in resolve_awaitable
    return await obj
../../../miniconda3/envs/activestorage-3.10/lib/python3.10/site-packages/aiobotocore/retryhandler.py:107: in _call
    if await resolve_awaitable(self._checker(**checker_kwargs)):
../../../miniconda3/envs/activestorage-3.10/lib/python3.10/site-packages/aiobotocore/_helpers.py:6: in resolve_awaitable
    return await obj
../../../miniconda3/envs/activestorage-3.10/lib/python3.10/site-packages/aiobotocore/retryhandler.py:126: in _call
    should_retry = await self._should_retry(
../../../miniconda3/envs/activestorage-3.10/lib/python3.10/site-packages/aiobotocore/retryhandler.py:165: in _should_retry
    return await resolve_awaitable(
../../../miniconda3/envs/activestorage-3.10/lib/python3.10/site-packages/aiobotocore/_helpers.py:6: in resolve_awaitable
    return await obj
../../../miniconda3/envs/activestorage-3.10/lib/python3.10/site-packages/aiobotocore/retryhandler.py:174: in _call
    checker(attempt_number, response, caught_exception)
../../../miniconda3/envs/activestorage-3.10/lib/python3.10/site-packages/botocore/retryhandler.py:247: in __call__
    return self._check_caught_exception(
../../../miniconda3/envs/activestorage-3.10/lib/python3.10/site-packages/botocore/retryhandler.py:416: in _check_caught_exception
    raise caught_exception
../../../miniconda3/envs/activestorage-3.10/lib/python3.10/site-packages/aiobotocore/endpoint.py:201: in _do_get_response
    http_response = await self._send(request)
../../../miniconda3/envs/activestorage-3.10/lib/python3.10/site-packages/aiobotocore/endpoint.py:303: in _send
    return await self.http_session.send(request)
_ _ _ _ _ _ _ _ _ _ _ _ _ _ _ _ _ _ _ _ _ _ _ _ _ _ _ _ _ _ _ _ _ _ _ _ _ _ _ _ 

self = <aiobotocore.httpsession.AIOHTTPSession object at 0x10ec9fb80>
request = <AWSPreparedRequest stream_output=False, method=PUT, url=http://localhost:9000/pyactivestorage, headers={'User-Agent':...nvocation-id': b'9c07c5d0-72d1-4d99-8833-aaa62123ebcb', 'amz-sdk-request': b'attempt=5; max=5', 'Content-Length': '0'}>

    async def send(self, request):
        try:
            proxy_url = self._proxy_config.proxy_url_for(request.url)
            proxy_headers = self._proxy_config.proxy_headers_for(request.url)
            url = request.url
            headers = request.headers
            data = request.body
    
            if ensure_boolean(
                os.environ.get('BOTO_EXPERIMENTAL__ADD_PROXY_HOST_HEADER', '')
            ):
                # This is currently an "experimental" feature which provides
                # no guarantees of backwards compatibility. It may be subject
                # to change or removal in any patch version. Anyone opting in
                # to this feature should strictly pin botocore.
                host = urlparse(request.url).hostname
                proxy_headers['host'] = host
    
            headers_ = CIMultiDict(
                (z[0], _text(z[1], encoding='utf-8')) for z in headers.items()
            )
    
            # https://github.com/boto/botocore/issues/1255
            headers_['Accept-Encoding'] = 'identity'
    
            if isinstance(data, io.IOBase):
                data = _IOBaseWrapper(data)
    
            url = URL(url, encoded=True)
            session = await self._get_session(proxy_url)
            response = await session.request(
                request.method,
                url=url,
                chunked=self._chunked(headers_),
                headers=headers_,
                data=data,
                proxy=proxy_url,
                proxy_headers=proxy_headers,
            )
    
            # botocore converts keys to str, so make sure that they are in
            # the expected case. See detailed discussion here:
            # https://github.com/aio-libs/aiobotocore/pull/116
            # aiohttp's CIMultiDict camel cases the headers :(
            headers = {
                k.decode('utf-8').lower(): v.decode('utf-8')
                for k, v in response.raw_headers
            }
    
            http_response = aiobotocore.awsrequest.AioAWSResponse(
                str(response.url), response.status, headers, response
            )
    
            if not request.stream_output:
                # Cause the raw stream to be exhausted immediately. We do it
                # this way instead of using preload_content because
                # preload_content will never buffer chunked responses
                await http_response.content
    
            return http_response
        except ClientSSLError as e:
            raise SSLError(endpoint_url=request.url, error=e)
        except (ClientProxyConnectionError, ClientHttpProxyError) as e:
            raise ProxyConnectionError(
                proxy_url=mask_proxy_url(proxy_url), error=e
            )
        except (
            ServerDisconnectedError,
            aiohttp.ClientPayloadError,
            aiohttp.http_exceptions.BadStatusLine,
        ) as e:
            raise ConnectionClosedError(
                error=e, request=request, endpoint_url=request.url
            )
        except ServerTimeoutError as e:
            if str(e).lower().startswith('connect'):
                raise ConnectTimeoutError(endpoint_url=request.url, error=e)
            else:
                raise ReadTimeoutError(endpoint_url=request.url, error=e)
        except (
            ClientConnectorError,
            ClientConnectionError,
            socket.gaierror,
        ) as e:
>           raise EndpointConnectionError(endpoint_url=request.url, error=e)
E           botocore.exceptions.EndpointConnectionError: Could not connect to the endpoint URL: "http://localhost:9000/pyactivestorage"

../../../miniconda3/envs/activestorage-3.10/lib/python3.10/site-packages/aiobotocore/httpsession.py:284: EndpointConnectionError
----------------------------- Captured stdout call -----------------------------
Loaded dataset <HDF5 dataset "TREFHT": shape (12, 4, 8), type "float32">
Reducing chunk of object <class 'str'>
{'sum': masked_array(data=[[[2368.3232421875]]],
             mask=[[[False]]],
       fill_value=np.float64(1e+20),
            dtype=float32), 'n': masked_array(data=[[[8]]],
             mask=[[[False]]],
       fill_value=999999)}
______________________________ test_create_files _______________________________
[gw0] darwin -- Python 3.10.20 /Users/dh935740@reading.ac.uk/miniconda3/envs/activestorage-3.10/bin/python3.10

self = <aiohttp.connector.TCPConnector object at 0x117edc2e0>, addr_infos = []
req = <aiohttp.client_reqrep.ClientRequest object at 0x117f2aa40>
timeout = ClientTimeout(total=None, connect=None, sock_read=15, sock_connect=5, ceil_threshold=5)
client_error = <class 'aiohttp.client_exceptions.ClientConnectorError'>
args = (functools.partial(<class 'aiohttp.client_proto.ResponseHandler'>, loop=<_UnixSelectorEventLoop running=True closed=False debug=False>),)
kwargs = {'server_hostname': None, 'ssl': None}

    async def _wrap_create_connection(
        self,
        *args: Any,
        addr_infos: List[AddrInfoType],
        req: ClientRequest,
        timeout: "ClientTimeout",
        client_error: Type[Exception] = ClientConnectorError,
        **kwargs: Any,
    ) -> Tuple[asyncio.Transport, ResponseHandler]:
        try:
            async with ceil_timeout(
                timeout.sock_connect, ceil_threshold=timeout.ceil_threshold
            ):
>               sock = await aiohappyeyeballs.start_connection(
                    addr_infos=addr_infos,
                    local_addr_infos=self._local_addr_infos,
                    happy_eyeballs_delay=self._happy_eyeballs_delay,
                    interleave=self._interleave,
                    loop=self._loop,
                    socket_factory=self._socket_factory,
                )

../../../miniconda3/envs/activestorage-3.10/lib/python3.10/site-packages/aiohttp/connector.py:1310: 
_ _ _ _ _ _ _ _ _ _ _ _ _ _ _ _ _ _ _ _ _ _ _ _ _ _ _ _ _ _ _ _ _ _ _ _ _ _ _ _ 

addr_infos = [(<AddressFamily.AF_INET: 2>, <SocketKind.SOCK_STREAM: 1>, 6, '', ('127.0.0.1', 9000)), (<AddressFamily.AF_INET6: 30>, <SocketKind.SOCK_STREAM: 1>, 6, '', ('::1', 9000, 0, 0))]

    async def start_connection(
        addr_infos: Sequence[AddrInfoType],
        *,
        local_addr_infos: Optional[Sequence[AddrInfoType]] = None,
        happy_eyeballs_delay: Optional[float] = None,
        interleave: Optional[int] = None,
        loop: Optional[asyncio.AbstractEventLoop] = None,
        socket_factory: Optional[SocketFactoryType] = None,
    ) -> socket.socket:
        """
        Connect to a TCP server.
    
        Create a socket connection to a specified destination.  The
        destination is specified as a list of AddrInfoType tuples as
        returned from getaddrinfo().
    
        The arguments are, in order:
    
        * ``family``: the address family, e.g. ``socket.AF_INET`` or
            ``socket.AF_INET6``.
        * ``type``: the socket type, e.g. ``socket.SOCK_STREAM`` or
            ``socket.SOCK_DGRAM``.
        * ``proto``: the protocol, e.g. ``socket.IPPROTO_TCP`` or
            ``socket.IPPROTO_UDP``.
        * ``canonname``: the canonical name of the address, e.g.
            ``"www.python.org"``.
        * ``sockaddr``: the socket address
    
        This method is a coroutine which will try to establish the connection
        in the background. When successful, the coroutine returns a
        socket.
    
        The expected use case is to use this method in conjunction with
        loop.create_connection() to establish a connection to a server::
    
                socket = await start_connection(addr_infos)
                transport, protocol = await loop.create_connection(
                    MyProtocol, sock=socket, ...)
        """
        if not (current_loop := loop):
            current_loop = asyncio.get_running_loop()
    
        single_addr_info = len(addr_infos) == 1
    
        if happy_eyeballs_delay is not None and interleave is None:
            # If using happy eyeballs, default to interleave addresses by family
            interleave = 1
    
        if interleave and not single_addr_info:
            addr_infos = _interleave_addrinfos(addr_infos, interleave)
    
        sock: Optional[socket.socket] = None
        # uvloop can raise RuntimeError instead of OSError
        exceptions: List[List[Union[OSError, RuntimeError]]] = []
        if happy_eyeballs_delay is None or single_addr_info:
            # not using happy eyeballs
            for addrinfo in addr_infos:
                try:
                    sock = await _connect_sock(
                        current_loop,
                        exceptions,
                        addrinfo,
                        local_addr_infos,
                        None,
                        socket_factory,
                    )
                    break
                except (RuntimeError, OSError):
                    continue
        else:  # using happy eyeballs
            open_sockets: Set[socket.socket] = set()
            try:
                sock, _, _ = await _staggered.staggered_race(
                    (
                        functools.partial(
                            _connect_sock,
                            current_loop,
                            exceptions,
                            addrinfo,
                            local_addr_infos,
                            open_sockets,
                            socket_factory,
                        )
                        for addrinfo in addr_infos
                    ),
                    happy_eyeballs_delay,
                )
            finally:
                # If we have a winner, staggered_race will
                # cancel the other tasks, however there is a
                # small race window where any of the other tasks
                # can be done before they are cancelled which
                # will leave the socket open. To avoid this problem
                # we pass a set to _connect_sock to keep track of
                # the open sockets and close them here if there
                # are any "runner up" sockets.
                for s in open_sockets:
                    if s is not sock:
                        with contextlib.suppress(OSError):
                            s.close()
                open_sockets = None  # type: ignore[assignment]
    
        if sock is None:
            all_exceptions = [exc for sub in exceptions for exc in sub]
            try:
                first_exception = all_exceptions[0]
                if len(all_exceptions) == 1:
                    raise first_exception
                else:
                    # If they all have the same str(), raise one.
                    model = str(first_exception)
                    if all(str(exc) == model for exc in all_exceptions):
                        raise first_exception
                    # Raise a combined exception so the user can see all
                    # the various error messages.
                    msg = "Multiple exceptions: {}".format(
                        ", ".join(str(exc) for exc in all_exceptions)
                    )
                    # If the errno is the same for all exceptions, raise
                    # an OSError with that errno.
                    if isinstance(first_exception, OSError):
                        first_errno = first_exception.errno
                        if all(
                            isinstance(exc, OSError) and exc.errno == first_errno
                            for exc in all_exceptions
                        ):
>                           raise OSError(first_errno, msg)
E                           ConnectionRefusedError: [Errno 61] Multiple exceptions: [Errno 61] Connect call failed ('127.0.0.1', 9000), [Errno 61] Connect call failed ('::1', 9000, 0, 0)

../../../miniconda3/envs/activestorage-3.10/lib/python3.10/site-packages/aiohappyeyeballs/impl.py:141: ConnectionRefusedError

The above exception was the direct cause of the following exception:

self = <aiobotocore.httpsession.AIOHTTPSession object at 0x117ed4d90>
request = <AWSPreparedRequest stream_output=False, method=PUT, url=http://localhost:9000/pyactivestorage, headers={'User-Agent':...nvocation-id': b'8649d1f2-c911-45d7-ae2c-a7394807ee1a', 'amz-sdk-request': b'attempt=5; max=5', 'Content-Length': '0'}>

    async def send(self, request):
        try:
            proxy_url = self._proxy_config.proxy_url_for(request.url)
            proxy_headers = self._proxy_config.proxy_headers_for(request.url)
            url = request.url
            headers = request.headers
            data = request.body
    
            if ensure_boolean(
                os.environ.get('BOTO_EXPERIMENTAL__ADD_PROXY_HOST_HEADER', '')
            ):
                # This is currently an "experimental" feature which provides
                # no guarantees of backwards compatibility. It may be subject
                # to change or removal in any patch version. Anyone opting in
                # to this feature should strictly pin botocore.
                host = urlparse(request.url).hostname
                proxy_headers['host'] = host
    
            headers_ = CIMultiDict(
                (z[0], _text(z[1], encoding='utf-8')) for z in headers.items()
            )
    
            # https://github.com/boto/botocore/issues/1255
            headers_['Accept-Encoding'] = 'identity'
    
            if isinstance(data, io.IOBase):
                data = _IOBaseWrapper(data)
    
            url = URL(url, encoded=True)
            session = await self._get_session(proxy_url)
>           response = await session.request(
                request.method,
                url=url,
                chunked=self._chunked(headers_),
                headers=headers_,
                data=data,
                proxy=proxy_url,
                proxy_headers=proxy_headers,
            )

../../../miniconda3/envs/activestorage-3.10/lib/python3.10/site-packages/aiobotocore/httpsession.py:230: 
_ _ _ _ _ _ _ _ _ _ _ _ _ _ _ _ _ _ _ _ _ _ _ _ _ _ _ _ _ _ _ _ _ _ _ _ _ _ _ _ 
../../../miniconda3/envs/activestorage-3.10/lib/python3.10/site-packages/aiohttp/client.py:788: in _request
    resp = await handler(req)
../../../miniconda3/envs/activestorage-3.10/lib/python3.10/site-packages/aiohttp/client.py:742: in _connect_and_send_request
    conn = await self._connector.connect(
../../../miniconda3/envs/activestorage-3.10/lib/python3.10/site-packages/aiohttp/connector.py:672: in connect
    proto = await self._create_connection(req, traces, timeout)
../../../miniconda3/envs/activestorage-3.10/lib/python3.10/site-packages/aiohttp/connector.py:1251: in _create_connection
    _, proto = await self._create_direct_connection(req, traces, timeout)
../../../miniconda3/envs/activestorage-3.10/lib/python3.10/site-packages/aiohttp/connector.py:1623: in _create_direct_connection
    raise last_exc
../../../miniconda3/envs/activestorage-3.10/lib/python3.10/site-packages/aiohttp/connector.py:1592: in _create_direct_connection
    transp, proto = await self._wrap_create_connection(
_ _ _ _ _ _ _ _ _ _ _ _ _ _ _ _ _ _ _ _ _ _ _ _ _ _ _ _ _ _ _ _ _ _ _ _ _ _ _ _ 

self = <aiohttp.connector.TCPConnector object at 0x117edc2e0>, addr_infos = []
req = <aiohttp.client_reqrep.ClientRequest object at 0x117f2aa40>
timeout = ClientTimeout(total=None, connect=None, sock_read=15, sock_connect=5, ceil_threshold=5)
client_error = <class 'aiohttp.client_exceptions.ClientConnectorError'>
args = (functools.partial(<class 'aiohttp.client_proto.ResponseHandler'>, loop=<_UnixSelectorEventLoop running=True closed=False debug=False>),)
kwargs = {'server_hostname': None, 'ssl': None}

    async def _wrap_create_connection(
        self,
        *args: Any,
        addr_infos: List[AddrInfoType],
        req: ClientRequest,
        timeout: "ClientTimeout",
        client_error: Type[Exception] = ClientConnectorError,
        **kwargs: Any,
    ) -> Tuple[asyncio.Transport, ResponseHandler]:
        try:
            async with ceil_timeout(
                timeout.sock_connect, ceil_threshold=timeout.ceil_threshold
            ):
                sock = await aiohappyeyeballs.start_connection(
                    addr_infos=addr_infos,
                    local_addr_infos=self._local_addr_infos,
                    happy_eyeballs_delay=self._happy_eyeballs_delay,
                    interleave=self._interleave,
                    loop=self._loop,
                    socket_factory=self._socket_factory,
                )
                # Add ssl_shutdown_timeout for Python 3.11+ when SSL is used
                if (
                    kwargs.get("ssl")
                    and self._ssl_shutdown_timeout
                    and sys.version_info >= (3, 11)
                ):
                    kwargs["ssl_shutdown_timeout"] = self._ssl_shutdown_timeout
                return await self._loop.create_connection(*args, **kwargs, sock=sock)
        except cert_errors as exc:
            raise ClientConnectorCertificateError(req.connection_key, exc) from exc
        except ssl_errors as exc:
            raise ClientConnectorSSLError(req.connection_key, exc) from exc
        except OSError as exc:
            if exc.errno is None and isinstance(exc, asyncio.TimeoutError):
                raise
>           raise client_error(req.connection_key, exc) from exc
E           aiohttp.client_exceptions.ClientConnectorError: Cannot connect to host localhost:9000 ssl:default [Multiple exceptions: [Errno 61] Connect call failed ('127.0.0.1', 9000), [Errno 61] Connect call failed ('::1', 9000, 0, 0)]

../../../miniconda3/envs/activestorage-3.10/lib/python3.10/site-packages/aiohttp/connector.py:1333: ClientConnectorError

During handling of the above exception, another exception occurred:

test_data_path = PosixPath('/Users/dh935740@reading.ac.uk/PyActiveStorage/tests/s3_exploratory/test_data')
test_spec = ((75, 75, 75), 500)

    def test_create_files(test_data_path, test_spec):
        """Create a file, keep it local, and put file in s3."""
        # this runs as a simple pytest test ahead of the performance test
    
        # make dummy data
        s3_testfile = make_s3_file(test_spec)
        local_testfile = make_local_file(test_data_path, test_spec)
    
        # put s3 dummy data onto S3
        object = os.path.basename(s3_testfile)
>       bucket_file = upload_to_s3(S3_URL, S3_ACCESS_KEY, S3_SECRET_KEY, S3_BUCKET,
                                   object, s3_testfile)

../../../PyActiveStorage/tests/s3_exploratory/test_s3_arrange_files.py:88: 
_ _ _ _ _ _ _ _ _ _ _ _ _ _ _ _ _ _ _ _ _ _ _ _ _ _ _ _ _ _ _ _ _ _ _ _ _ _ _ _ 
../../../PyActiveStorage/tests/s3_exploratory/test_s3_arrange_files.py:69: in upload_to_s3
    s3_fs.mkdir(bucket)
../../../miniconda3/envs/activestorage-3.10/lib/python3.10/site-packages/fsspec/asyn.py:118: in wrapper
    return sync(self.loop, func, *args, **kwargs)
../../../miniconda3/envs/activestorage-3.10/lib/python3.10/site-packages/fsspec/asyn.py:103: in sync
    raise return_result
../../../miniconda3/envs/activestorage-3.10/lib/python3.10/site-packages/fsspec/asyn.py:56: in _runner
    result[0] = await coro
../../../miniconda3/envs/activestorage-3.10/lib/python3.10/site-packages/s3fs/core.py:1093: in _mkdir
    await self._call_s3("create_bucket", **params)
../../../miniconda3/envs/activestorage-3.10/lib/python3.10/site-packages/s3fs/core.py:460: in _call_s3
    return await _error_wrapper(
../../../miniconda3/envs/activestorage-3.10/lib/python3.10/site-packages/s3fs/core.py:215: in _error_wrapper
    raise err
../../../miniconda3/envs/activestorage-3.10/lib/python3.10/site-packages/s3fs/core.py:169: in _error_wrapper
    return await func(*args, **kwargs)
../../../miniconda3/envs/activestorage-3.10/lib/python3.10/site-packages/aiobotocore/context.py:36: in wrapper
    return await func(*args, **kwargs)
../../../miniconda3/envs/activestorage-3.10/lib/python3.10/site-packages/aiobotocore/client.py:418: in _make_api_call
    http, parsed_response = await self._make_request(
../../../miniconda3/envs/activestorage-3.10/lib/python3.10/site-packages/aiobotocore/client.py:444: in _make_request
    return await self._endpoint.make_request(
../../../miniconda3/envs/activestorage-3.10/lib/python3.10/site-packages/aiobotocore/endpoint.py:120: in _send_request
    while await self._needs_retry(
../../../miniconda3/envs/activestorage-3.10/lib/python3.10/site-packages/aiobotocore/endpoint.py:280: in _needs_retry
    responses = await self._event_emitter.emit(
../../../miniconda3/envs/activestorage-3.10/lib/python3.10/site-packages/aiobotocore/hooks.py:68: in _emit
    response = await resolve_awaitable(handler(**kwargs))
../../../miniconda3/envs/activestorage-3.10/lib/python3.10/site-packages/aiobotocore/_helpers.py:6: in resolve_awaitable
    return await obj
../../../miniconda3/envs/activestorage-3.10/lib/python3.10/site-packages/aiobotocore/retryhandler.py:107: in _call
    if await resolve_awaitable(self._checker(**checker_kwargs)):
../../../miniconda3/envs/activestorage-3.10/lib/python3.10/site-packages/aiobotocore/_helpers.py:6: in resolve_awaitable
    return await obj
../../../miniconda3/envs/activestorage-3.10/lib/python3.10/site-packages/aiobotocore/retryhandler.py:126: in _call
    should_retry = await self._should_retry(
../../../miniconda3/envs/activestorage-3.10/lib/python3.10/site-packages/aiobotocore/retryhandler.py:165: in _should_retry
    return await resolve_awaitable(
../../../miniconda3/envs/activestorage-3.10/lib/python3.10/site-packages/aiobotocore/_helpers.py:6: in resolve_awaitable
    return await obj
../../../miniconda3/envs/activestorage-3.10/lib/python3.10/site-packages/aiobotocore/retryhandler.py:174: in _call
    checker(attempt_number, response, caught_exception)
../../../miniconda3/envs/activestorage-3.10/lib/python3.10/site-packages/botocore/retryhandler.py:247: in __call__
    return self._check_caught_exception(
../../../miniconda3/envs/activestorage-3.10/lib/python3.10/site-packages/botocore/retryhandler.py:416: in _check_caught_exception
    raise caught_exception
../../../miniconda3/envs/activestorage-3.10/lib/python3.10/site-packages/aiobotocore/endpoint.py:201: in _do_get_response
    http_response = await self._send(request)
../../../miniconda3/envs/activestorage-3.10/lib/python3.10/site-packages/aiobotocore/endpoint.py:303: in _send
    return await self.http_session.send(request)
_ _ _ _ _ _ _ _ _ _ _ _ _ _ _ _ _ _ _ _ _ _ _ _ _ _ _ _ _ _ _ _ _ _ _ _ _ _ _ _ 

self = <aiobotocore.httpsession.AIOHTTPSession object at 0x117ed4d90>
request = <AWSPreparedRequest stream_output=False, method=PUT, url=http://localhost:9000/pyactivestorage, headers={'User-Agent':...nvocation-id': b'8649d1f2-c911-45d7-ae2c-a7394807ee1a', 'amz-sdk-request': b'attempt=5; max=5', 'Content-Length': '0'}>

    async def send(self, request):
        try:
            proxy_url = self._proxy_config.proxy_url_for(request.url)
            proxy_headers = self._proxy_config.proxy_headers_for(request.url)
            url = request.url
            headers = request.headers
            data = request.body
    
            if ensure_boolean(
                os.environ.get('BOTO_EXPERIMENTAL__ADD_PROXY_HOST_HEADER', '')
            ):
                # This is currently an "experimental" feature which provides
                # no guarantees of backwards compatibility. It may be subject
                # to change or removal in any patch version. Anyone opting in
                # to this feature should strictly pin botocore.
                host = urlparse(request.url).hostname
                proxy_headers['host'] = host
    
            headers_ = CIMultiDict(
                (z[0], _text(z[1], encoding='utf-8')) for z in headers.items()
            )
    
            # https://github.com/boto/botocore/issues/1255
            headers_['Accept-Encoding'] = 'identity'
    
            if isinstance(data, io.IOBase):
                data = _IOBaseWrapper(data)
    
            url = URL(url, encoded=True)
            session = await self._get_session(proxy_url)
            response = await session.request(
                request.method,
                url=url,
                chunked=self._chunked(headers_),
                headers=headers_,
                data=data,
                proxy=proxy_url,
                proxy_headers=proxy_headers,
            )
    
            # botocore converts keys to str, so make sure that they are in
            # the expected case. See detailed discussion here:
            # https://github.com/aio-libs/aiobotocore/pull/116
            # aiohttp's CIMultiDict camel cases the headers :(
            headers = {
                k.decode('utf-8').lower(): v.decode('utf-8')
                for k, v in response.raw_headers
            }
    
            http_response = aiobotocore.awsrequest.AioAWSResponse(
                str(response.url), response.status, headers, response
            )
    
            if not request.stream_output:
                # Cause the raw stream to be exhausted immediately. We do it
                # this way instead of using preload_content because
                # preload_content will never buffer chunked responses
                await http_response.content
    
            return http_response
        except ClientSSLError as e:
            raise SSLError(endpoint_url=request.url, error=e)
        except (ClientProxyConnectionError, ClientHttpProxyError) as e:
            raise ProxyConnectionError(
                proxy_url=mask_proxy_url(proxy_url), error=e
            )
        except (
            ServerDisconnectedError,
            aiohttp.ClientPayloadError,
            aiohttp.http_exceptions.BadStatusLine,
        ) as e:
            raise ConnectionClosedError(
                error=e, request=request, endpoint_url=request.url
            )
        except ServerTimeoutError as e:
            if str(e).lower().startswith('connect'):
                raise ConnectTimeoutError(endpoint_url=request.url, error=e)
            else:
                raise ReadTimeoutError(endpoint_url=request.url, error=e)
        except (
            ClientConnectorError,
            ClientConnectionError,
            socket.gaierror,
        ) as e:
>           raise EndpointConnectionError(endpoint_url=request.url, error=e)
E           botocore.exceptions.EndpointConnectionError: Could not connect to the endpoint URL: "http://localhost:9000/pyactivestorage"

../../../miniconda3/envs/activestorage-3.10/lib/python3.10/site-packages/aiobotocore/httpsession.py:284: EndpointConnectionError
----------------------------- Captured stdout call -----------------------------
S3 Test file is /var/folders/lr/x1j1k7_x0lj2lj_t7dw27t740000gp/T/tmpephygs2i/s3_test_bizarre_large.nc

Created file "/var/folders/lr/x1j1k7_x0lj2lj_t7dw27t740000gp/T/tmpephygs2i/s3_test_bizarre_large.nc" with a variable called "data" with shape (500, 500, 500) and chunking, compression [75, 75, 75],None

Local Test file is /Users/dh935740@reading.ac.uk/PyActiveStorage/tests/s3_exploratory/test_data/test_bizarre.nc
_________________ test_small_file_axis_0_1_compare_with_numpy __________________
[gw1] darwin -- Python 3.10.20 /Users/dh935740@reading.ac.uk/miniconda3/envs/activestorage-3.10/bin/python3.10

    def test_small_file_axis_0_1_compare_with_numpy():
        """Fails: activestorage.reductionist.ReductionistError: Reductionist error: HTTP 502: -"""
        active = build_active_small_file()
        result = active.min(axis=(0, 1))[:]
        print("Reductionist final result", result)
    
        # use numpy and local test data
>       ds = pyfive.File("tests/test_data/CMIP6-test.nc")["tas"]

../../../PyActiveStorage/tests/test_real_s3_with_axes.py:84: 
_ _ _ _ _ _ _ _ _ _ _ _ _ _ _ _ _ _ _ _ _ _ _ _ _ _ _ _ _ _ _ _ _ _ _ _ _ _ _ _ 

self = <[AttributeError("'File' object has no attribute 'filename'") raised in repr()] File object at 0x11a2414e0>
filename = 'tests/test_data/CMIP6-test.nc', mode = 'r', metadata_buffer_size = 1

    def __init__(
        self,
        filename: str | BinaryIO | MetadataBufferingWrapper,
        mode: str = "r",
        metadata_buffer_size: int = 1,
    ) -> None:
        """initalize."""
        if mode != "r":
            raise NotImplementedError(
                "pyfive only provides support for reading and treats all reads as binary"
            )
        self._close = False
        if hasattr(filename, "read"):
            if not hasattr(filename, "seek"):
                raise ValueError("File like object must have a seek method")
            fh = cast(BinaryIO, filename)
            self.filename = getattr(filename, "name", "None")
        else:
>           fh = open(filename, "rb")
E           FileNotFoundError: [Errno 2] No such file or directory: 'tests/test_data/CMIP6-test.nc'

../../../miniconda3/envs/activestorage-3.10/lib/python3.10/site-packages/pyfive/high_level.py:274: FileNotFoundError
----------------------------- Captured stdout call -----------------------------
S3 Test file path: bnl/CMIP6-test.nc
Dataset loaded from S3 with s3fs and Pyfive: bnl/CMIP6-test.nc (0.026,0.041)
Loaded dataset <HDF5 dataset "tas": shape (15, 143, 144), type "float32">
Reductionist final result [[[206.4091796875 207.45655822753906 208.03439331054688
   207.1454620361328 205.37808227539062 203.4414520263672
   203.34115600585938 203.58642578125 203.74832153320312
   203.76719665527344 203.86878967285156 203.83860778808594
   203.16082763671875 203.02694702148438 202.32962036132812
   202.00950622558594 201.763671875 200.8488311767578 199.77630615234375
   198.6121826171875 199.1998291015625 199.6461944580078
   198.9845733642578 198.48779296875 198.35638427734375
   198.1031494140625 199.5530242919922 199.96978759765625
   201.20559692382812 200.11032104492188 200.13302612304688
   199.75437927246094 199.53599548339844 198.2672882080078
   199.26861572265625 197.69595336914062 199.5832061767578
   199.6208038330078 200.3925018310547 201.16285705566406 201.7607421875
   201.32652282714844 201.3401641845703 202.55416870117188
   203.03689575195312 202.56088256835938 201.77401733398438
   201.39480590820312 201.0892333984375 201.91769409179688
   208.03439331054688 208.03439331054688 208.03439331054688
   208.03439331054688 208.03439331054688 208.03439331054688
   208.03439331054688 208.03439331054688 208.03439331054688
   208.03439331054688 208.03439331054688 208.03439331054688
   208.03439331054688 208.03439331054688 208.03439331054688
   208.03439331054688 208.03439331054688 208.03439331054688
   208.03439331054688 208.03439331054688 208.03439331054688
   208.03439331054688 208.03439331054688 208.03439331054688
   208.03439331054688 208.03439331054688 208.03439331054688
   208.03439331054688 208.03439331054688 208.03439331054688
   208.03439331054688 208.03439331054688 208.03439331054688
   208.03439331054688 208.03439331054688 208.03439331054688
   208.03439331054688 208.03439331054688 208.03439331054688
   208.03439331054688 208.03439331054688 208.03439331054688
   208.03439331054688 208.03439331054688 208.03439331054688
   208.03439331054688 208.03439331054688 208.03439331054688
   208.03439331054688 208.03439331054688]]]
______________________________ test_Active_s3_v0 _______________________________
[gw0] darwin -- Python 3.10.20 /Users/dh935740@reading.ac.uk/miniconda3/envs/activestorage-3.10/bin/python3.10

self = <aiohttp.connector.TCPConnector object at 0x117edc2e0>, addr_infos = []
req = <aiohttp.client_reqrep.ClientRequest object at 0x16813a3e0>
timeout = ClientTimeout(total=None, connect=None, sock_read=15, sock_connect=5, ceil_threshold=5)
client_error = <class 'aiohttp.client_exceptions.ClientConnectorError'>
args = (functools.partial(<class 'aiohttp.client_proto.ResponseHandler'>, loop=<_UnixSelectorEventLoop running=True closed=False debug=False>),)
kwargs = {'server_hostname': None, 'ssl': None}

    async def _wrap_create_connection(
        self,
        *args: Any,
        addr_infos: List[AddrInfoType],
        req: ClientRequest,
        timeout: "ClientTimeout",
        client_error: Type[Exception] = ClientConnectorError,
        **kwargs: Any,
    ) -> Tuple[asyncio.Transport, ResponseHandler]:
        try:
            async with ceil_timeout(
                timeout.sock_connect, ceil_threshold=timeout.ceil_threshold
            ):
>               sock = await aiohappyeyeballs.start_connection(
                    addr_infos=addr_infos,
                    local_addr_infos=self._local_addr_infos,
                    happy_eyeballs_delay=self._happy_eyeballs_delay,
                    interleave=self._interleave,
                    loop=self._loop,
                    socket_factory=self._socket_factory,
                )

../../../miniconda3/envs/activestorage-3.10/lib/python3.10/site-packages/aiohttp/connector.py:1310: 
_ _ _ _ _ _ _ _ _ _ _ _ _ _ _ _ _ _ _ _ _ _ _ _ _ _ _ _ _ _ _ _ _ _ _ _ _ _ _ _ 

addr_infos = [(<AddressFamily.AF_INET: 2>, <SocketKind.SOCK_STREAM: 1>, 6, '', ('127.0.0.1', 9000)), (<AddressFamily.AF_INET6: 30>, <SocketKind.SOCK_STREAM: 1>, 6, '', ('::1', 9000, 0, 0))]

    async def start_connection(
        addr_infos: Sequence[AddrInfoType],
        *,
        local_addr_infos: Optional[Sequence[AddrInfoType]] = None,
        happy_eyeballs_delay: Optional[float] = None,
        interleave: Optional[int] = None,
        loop: Optional[asyncio.AbstractEventLoop] = None,
        socket_factory: Optional[SocketFactoryType] = None,
    ) -> socket.socket:
        """
        Connect to a TCP server.
    
        Create a socket connection to a specified destination.  The
        destination is specified as a list of AddrInfoType tuples as
        returned from getaddrinfo().
    
        The arguments are, in order:
    
        * ``family``: the address family, e.g. ``socket.AF_INET`` or
            ``socket.AF_INET6``.
        * ``type``: the socket type, e.g. ``socket.SOCK_STREAM`` or
            ``socket.SOCK_DGRAM``.
        * ``proto``: the protocol, e.g. ``socket.IPPROTO_TCP`` or
            ``socket.IPPROTO_UDP``.
        * ``canonname``: the canonical name of the address, e.g.
            ``"www.python.org"``.
        * ``sockaddr``: the socket address
    
        This method is a coroutine which will try to establish the connection
        in the background. When successful, the coroutine returns a
        socket.
    
        The expected use case is to use this method in conjunction with
        loop.create_connection() to establish a connection to a server::
    
                socket = await start_connection(addr_infos)
                transport, protocol = await loop.create_connection(
                    MyProtocol, sock=socket, ...)
        """
        if not (current_loop := loop):
            current_loop = asyncio.get_running_loop()
    
        single_addr_info = len(addr_infos) == 1
    
        if happy_eyeballs_delay is not None and interleave is None:
            # If using happy eyeballs, default to interleave addresses by family
            interleave = 1
    
        if interleave and not single_addr_info:
            addr_infos = _interleave_addrinfos(addr_infos, interleave)
    
        sock: Optional[socket.socket] = None
        # uvloop can raise RuntimeError instead of OSError
        exceptions: List[List[Union[OSError, RuntimeError]]] = []
        if happy_eyeballs_delay is None or single_addr_info:
            # not using happy eyeballs
            for addrinfo in addr_infos:
                try:
                    sock = await _connect_sock(
                        current_loop,
                        exceptions,
                        addrinfo,
                        local_addr_infos,
                        None,
                        socket_factory,
                    )
                    break
                except (RuntimeError, OSError):
                    continue
        else:  # using happy eyeballs
            open_sockets: Set[socket.socket] = set()
            try:
                sock, _, _ = await _staggered.staggered_race(
                    (
                        functools.partial(
                            _connect_sock,
                            current_loop,
                            exceptions,
                            addrinfo,
                            local_addr_infos,
                            open_sockets,
                            socket_factory,
                        )
                        for addrinfo in addr_infos
                    ),
                    happy_eyeballs_delay,
                )
            finally:
                # If we have a winner, staggered_race will
                # cancel the other tasks, however there is a
                # small race window where any of the other tasks
                # can be done before they are cancelled which
                # will leave the socket open. To avoid this problem
                # we pass a set to _connect_sock to keep track of
                # the open sockets and close them here if there
                # are any "runner up" sockets.
                for s in open_sockets:
                    if s is not sock:
                        with contextlib.suppress(OSError):
                            s.close()
                open_sockets = None  # type: ignore[assignment]
    
        if sock is None:
            all_exceptions = [exc for sub in exceptions for exc in sub]
            try:
                first_exception = all_exceptions[0]
                if len(all_exceptions) == 1:
                    raise first_exception
                else:
                    # If they all have the same str(), raise one.
                    model = str(first_exception)
                    if all(str(exc) == model for exc in all_exceptions):
                        raise first_exception
                    # Raise a combined exception so the user can see all
                    # the various error messages.
                    msg = "Multiple exceptions: {}".format(
                        ", ".join(str(exc) for exc in all_exceptions)
                    )
                    # If the errno is the same for all exceptions, raise
                    # an OSError with that errno.
                    if isinstance(first_exception, OSError):
                        first_errno = first_exception.errno
                        if all(
                            isinstance(exc, OSError) and exc.errno == first_errno
                            for exc in all_exceptions
                        ):
>                           raise OSError(first_errno, msg)
E                           ConnectionRefusedError: [Errno 61] Multiple exceptions: [Errno 61] Connect call failed ('127.0.0.1', 9000), [Errno 61] Connect call failed ('::1', 9000, 0, 0)

../../../miniconda3/envs/activestorage-3.10/lib/python3.10/site-packages/aiohappyeyeballs/impl.py:141: ConnectionRefusedError

The above exception was the direct cause of the following exception:

self = <aiobotocore.httpsession.AIOHTTPSession object at 0x117ed4d90>
request = <AWSPreparedRequest stream_output=False, method=HEAD, url=http://localhost:9000/pyactivestorage/s3_test_bizarre_large....9001272c82', 'amz-sdk-invocation-id': b'19135ae1-b628-4dd1-802b-6421e8bab8db', 'amz-sdk-request': b'attempt=5; max=5'}>

    async def send(self, request):
        try:
            proxy_url = self._proxy_config.proxy_url_for(request.url)
            proxy_headers = self._proxy_config.proxy_headers_for(request.url)
            url = request.url
            headers = request.headers
            data = request.body
    
            if ensure_boolean(
                os.environ.get('BOTO_EXPERIMENTAL__ADD_PROXY_HOST_HEADER', '')
            ):
                # This is currently an "experimental" feature which provides
                # no guarantees of backwards compatibility. It may be subject
                # to change or removal in any patch version. Anyone opting in
                # to this feature should strictly pin botocore.
                host = urlparse(request.url).hostname
                proxy_headers['host'] = host
    
            headers_ = CIMultiDict(
                (z[0], _text(z[1], encoding='utf-8')) for z in headers.items()
            )
    
            # https://github.com/boto/botocore/issues/1255
            headers_['Accept-Encoding'] = 'identity'
    
            if isinstance(data, io.IOBase):
                data = _IOBaseWrapper(data)
    
            url = URL(url, encoded=True)
            session = await self._get_session(proxy_url)
>           response = await session.request(
                request.method,
                url=url,
                chunked=self._chunked(headers_),
                headers=headers_,
                data=data,
                proxy=proxy_url,
                proxy_headers=proxy_headers,
            )

../../../miniconda3/envs/activestorage-3.10/lib/python3.10/site-packages/aiobotocore/httpsession.py:230: 
_ _ _ _ _ _ _ _ _ _ _ _ _ _ _ _ _ _ _ _ _ _ _ _ _ _ _ _ _ _ _ _ _ _ _ _ _ _ _ _ 
../../../miniconda3/envs/activestorage-3.10/lib/python3.10/site-packages/aiohttp/client.py:788: in _request
    resp = await handler(req)
../../../miniconda3/envs/activestorage-3.10/lib/python3.10/site-packages/aiohttp/client.py:742: in _connect_and_send_request
    conn = await self._connector.connect(
../../../miniconda3/envs/activestorage-3.10/lib/python3.10/site-packages/aiohttp/connector.py:672: in connect
    proto = await self._create_connection(req, traces, timeout)
../../../miniconda3/envs/activestorage-3.10/lib/python3.10/site-packages/aiohttp/connector.py:1251: in _create_connection
    _, proto = await self._create_direct_connection(req, traces, timeout)
../../../miniconda3/envs/activestorage-3.10/lib/python3.10/site-packages/aiohttp/connector.py:1623: in _create_direct_connection
    raise last_exc
../../../miniconda3/envs/activestorage-3.10/lib/python3.10/site-packages/aiohttp/connector.py:1592: in _create_direct_connection
    transp, proto = await self._wrap_create_connection(
_ _ _ _ _ _ _ _ _ _ _ _ _ _ _ _ _ _ _ _ _ _ _ _ _ _ _ _ _ _ _ _ _ _ _ _ _ _ _ _ 

self = <aiohttp.connector.TCPConnector object at 0x117edc2e0>, addr_infos = []
req = <aiohttp.client_reqrep.ClientRequest object at 0x16813a3e0>
timeout = ClientTimeout(total=None, connect=None, sock_read=15, sock_connect=5, ceil_threshold=5)
client_error = <class 'aiohttp.client_exceptions.ClientConnectorError'>
args = (functools.partial(<class 'aiohttp.client_proto.ResponseHandler'>, loop=<_UnixSelectorEventLoop running=True closed=False debug=False>),)
kwargs = {'server_hostname': None, 'ssl': None}

    async def _wrap_create_connection(
        self,
        *args: Any,
        addr_infos: List[AddrInfoType],
        req: ClientRequest,
        timeout: "ClientTimeout",
        client_error: Type[Exception] = ClientConnectorError,
        **kwargs: Any,
    ) -> Tuple[asyncio.Transport, ResponseHandler]:
        try:
            async with ceil_timeout(
                timeout.sock_connect, ceil_threshold=timeout.ceil_threshold
            ):
                sock = await aiohappyeyeballs.start_connection(
                    addr_infos=addr_infos,
                    local_addr_infos=self._local_addr_infos,
                    happy_eyeballs_delay=self._happy_eyeballs_delay,
                    interleave=self._interleave,
                    loop=self._loop,
                    socket_factory=self._socket_factory,
                )
                # Add ssl_shutdown_timeout for Python 3.11+ when SSL is used
                if (
                    kwargs.get("ssl")
                    and self._ssl_shutdown_timeout
                    and sys.version_info >= (3, 11)
                ):
                    kwargs["ssl_shutdown_timeout"] = self._ssl_shutdown_timeout
                return await self._loop.create_connection(*args, **kwargs, sock=sock)
        except cert_errors as exc:
            raise ClientConnectorCertificateError(req.connection_key, exc) from exc
        except ssl_errors as exc:
            raise ClientConnectorSSLError(req.connection_key, exc) from exc
        except OSError as exc:
            if exc.errno is None and isinstance(exc, asyncio.TimeoutError):
                raise
>           raise client_error(req.connection_key, exc) from exc
E           aiohttp.client_exceptions.ClientConnectorError: Cannot connect to host localhost:9000 ssl:default [Multiple exceptions: [Errno 61] Connect call failed ('127.0.0.1', 9000), [Errno 61] Connect call failed ('::1', 9000, 0, 0)]

../../../miniconda3/envs/activestorage-3.10/lib/python3.10/site-packages/aiohttp/connector.py:1333: ClientConnectorError

During handling of the above exception, another exception occurred:

    def test_Active_s3_v0():
        """
        Test truly Active with an S3 file.
        """
        # run Active on s3 file
        s3_file = "s3://pyactivestorage/s3_test_bizarre_large.nc"
        active = Active(s3_file, "data", interface_type="s3")
        active._version = 0
        active.components = True
>       result1 = active[0:2, 4:6, 7:9]

../../../PyActiveStorage/tests/s3_exploratory/test_s3_performance.py:121: 
_ _ _ _ _ _ _ _ _ _ _ _ _ _ _ _ _ _ _ _ _ _ _ _ _ _ _ _ _ _ _ _ _ _ _ _ _ _ _ _ 
../../../miniconda3/envs/activestorage-3.10/lib/python3.10/site-packages/activestorage/active.py:324: in __getitem__
    self.__load_nc_file()
../../../miniconda3/envs/activestorage-3.10/lib/python3.10/site-packages/activestorage/active.py:306: in __load_nc_file
    nc = load_from_s3(self.uri, self.storage_options)
../../../miniconda3/envs/activestorage-3.10/lib/python3.10/site-packages/activestorage/active.py:77: in load_from_s3
    s3file = fs.open(uri, 'rb')
../../../miniconda3/envs/activestorage-3.10/lib/python3.10/site-packages/fsspec/spec.py:1352: in open
    f = self._open(
../../../miniconda3/envs/activestorage-3.10/lib/python3.10/site-packages/s3fs/core.py:816: in _open
    return S3File(
../../../miniconda3/envs/activestorage-3.10/lib/python3.10/site-packages/s3fs/core.py:2556: in __init__
    super().__init__(
../../../miniconda3/envs/activestorage-3.10/lib/python3.10/site-packages/fsspec/spec.py:1926: in __init__
    self.size = self.details["size"]
../../../miniconda3/envs/activestorage-3.10/lib/python3.10/site-packages/fsspec/spec.py:1939: in details
    self._details = self.fs.info(self.path)
../../../miniconda3/envs/activestorage-3.10/lib/python3.10/site-packages/fsspec/asyn.py:118: in wrapper
    return sync(self.loop, func, *args, **kwargs)
../../../miniconda3/envs/activestorage-3.10/lib/python3.10/site-packages/fsspec/asyn.py:103: in sync
    raise return_result
../../../miniconda3/envs/activestorage-3.10/lib/python3.10/site-packages/fsspec/asyn.py:56: in _runner
    result[0] = await coro
../../../miniconda3/envs/activestorage-3.10/lib/python3.10/site-packages/s3fs/core.py:1732: in _info
    out = await self._call_s3(
../../../miniconda3/envs/activestorage-3.10/lib/python3.10/site-packages/s3fs/core.py:460: in _call_s3
    return await _error_wrapper(
../../../miniconda3/envs/activestorage-3.10/lib/python3.10/site-packages/s3fs/core.py:215: in _error_wrapper
    raise err
../../../miniconda3/envs/activestorage-3.10/lib/python3.10/site-packages/s3fs/core.py:169: in _error_wrapper
    return await func(*args, **kwargs)
../../../miniconda3/envs/activestorage-3.10/lib/python3.10/site-packages/aiobotocore/context.py:36: in wrapper
    return await func(*args, **kwargs)
../../../miniconda3/envs/activestorage-3.10/lib/python3.10/site-packages/aiobotocore/client.py:418: in _make_api_call
    http, parsed_response = await self._make_request(
../../../miniconda3/envs/activestorage-3.10/lib/python3.10/site-packages/aiobotocore/client.py:444: in _make_request
    return await self._endpoint.make_request(
../../../miniconda3/envs/activestorage-3.10/lib/python3.10/site-packages/aiobotocore/endpoint.py:120: in _send_request
    while await self._needs_retry(
../../../miniconda3/envs/activestorage-3.10/lib/python3.10/site-packages/aiobotocore/endpoint.py:280: in _needs_retry
    responses = await self._event_emitter.emit(
../../../miniconda3/envs/activestorage-3.10/lib/python3.10/site-packages/aiobotocore/hooks.py:68: in _emit
    response = await resolve_awaitable(handler(**kwargs))
../../../miniconda3/envs/activestorage-3.10/lib/python3.10/site-packages/aiobotocore/_helpers.py:6: in resolve_awaitable
    return await obj
../../../miniconda3/envs/activestorage-3.10/lib/python3.10/site-packages/aiobotocore/retryhandler.py:107: in _call
    if await resolve_awaitable(self._checker(**checker_kwargs)):
../../../miniconda3/envs/activestorage-3.10/lib/python3.10/site-packages/aiobotocore/_helpers.py:6: in resolve_awaitable
    return await obj
../../../miniconda3/envs/activestorage-3.10/lib/python3.10/site-packages/aiobotocore/retryhandler.py:126: in _call
    should_retry = await self._should_retry(
../../../miniconda3/envs/activestorage-3.10/lib/python3.10/site-packages/aiobotocore/retryhandler.py:165: in _should_retry
    return await resolve_awaitable(
../../../miniconda3/envs/activestorage-3.10/lib/python3.10/site-packages/aiobotocore/_helpers.py:6: in resolve_awaitable
    return await obj
../../../miniconda3/envs/activestorage-3.10/lib/python3.10/site-packages/aiobotocore/retryhandler.py:174: in _call
    checker(attempt_number, response, caught_exception)
../../../miniconda3/envs/activestorage-3.10/lib/python3.10/site-packages/botocore/retryhandler.py:247: in __call__
    return self._check_caught_exception(
../../../miniconda3/envs/activestorage-3.10/lib/python3.10/site-packages/botocore/retryhandler.py:416: in _check_caught_exception
    raise caught_exception
../../../miniconda3/envs/activestorage-3.10/lib/python3.10/site-packages/aiobotocore/endpoint.py:201: in _do_get_response
    http_response = await self._send(request)
../../../miniconda3/envs/activestorage-3.10/lib/python3.10/site-packages/aiobotocore/endpoint.py:303: in _send
    return await self.http_session.send(request)
_ _ _ _ _ _ _ _ _ _ _ _ _ _ _ _ _ _ _ _ _ _ _ _ _ _ _ _ _ _ _ _ _ _ _ _ _ _ _ _ 

self = <aiobotocore.httpsession.AIOHTTPSession object at 0x117ed4d90>
request = <AWSPreparedRequest stream_output=False, method=HEAD, url=http://localhost:9000/pyactivestorage/s3_test_bizarre_large....9001272c82', 'amz-sdk-invocation-id': b'19135ae1-b628-4dd1-802b-6421e8bab8db', 'amz-sdk-request': b'attempt=5; max=5'}>

    async def send(self, request):
        try:
            proxy_url = self._proxy_config.proxy_url_for(request.url)
            proxy_headers = self._proxy_config.proxy_headers_for(request.url)
            url = request.url
            headers = request.headers
            data = request.body
    
            if ensure_boolean(
                os.environ.get('BOTO_EXPERIMENTAL__ADD_PROXY_HOST_HEADER', '')
            ):
                # This is currently an "experimental" feature which provides
                # no guarantees of backwards compatibility. It may be subject
                # to change or removal in any patch version. Anyone opting in
                # to this feature should strictly pin botocore.
                host = urlparse(request.url).hostname
                proxy_headers['host'] = host
    
            headers_ = CIMultiDict(
                (z[0], _text(z[1], encoding='utf-8')) for z in headers.items()
            )
    
            # https://github.com/boto/botocore/issues/1255
            headers_['Accept-Encoding'] = 'identity'
    
            if isinstance(data, io.IOBase):
                data = _IOBaseWrapper(data)
    
            url = URL(url, encoded=True)
            session = await self._get_session(proxy_url)
            response = await session.request(
                request.method,
                url=url,
                chunked=self._chunked(headers_),
                headers=headers_,
                data=data,
                proxy=proxy_url,
                proxy_headers=proxy_headers,
            )
    
            # botocore converts keys to str, so make sure that they are in
            # the expected case. See detailed discussion here:
            # https://github.com/aio-libs/aiobotocore/pull/116
            # aiohttp's CIMultiDict camel cases the headers :(
            headers = {
                k.decode('utf-8').lower(): v.decode('utf-8')
                for k, v in response.raw_headers
            }
    
            http_response = aiobotocore.awsrequest.AioAWSResponse(
                str(response.url), response.status, headers, response
            )
    
            if not request.stream_output:
                # Cause the raw stream to be exhausted immediately. We do it
                # this way instead of using preload_content because
                # preload_content will never buffer chunked responses
                await http_response.content
    
            return http_response
        except ClientSSLError as e:
            raise SSLError(endpoint_url=request.url, error=e)
        except (ClientProxyConnectionError, ClientHttpProxyError) as e:
            raise ProxyConnectionError(
                proxy_url=mask_proxy_url(proxy_url), error=e
            )
        except (
            ServerDisconnectedError,
            aiohttp.ClientPayloadError,
            aiohttp.http_exceptions.BadStatusLine,
        ) as e:
            raise ConnectionClosedError(
                error=e, request=request, endpoint_url=request.url
            )
        except ServerTimeoutError as e:
            if str(e).lower().startswith('connect'):
                raise ConnectTimeoutError(endpoint_url=request.url, error=e)
            else:
                raise ReadTimeoutError(endpoint_url=request.url, error=e)
        except (
            ClientConnectorError,
            ClientConnectionError,
            socket.gaierror,
        ) as e:
>           raise EndpointConnectionError(endpoint_url=request.url, error=e)
E           botocore.exceptions.EndpointConnectionError: Could not connect to the endpoint URL: "http://localhost:9000/pyactivestorage/s3_test_bizarre_large.nc"

../../../miniconda3/envs/activestorage-3.10/lib/python3.10/site-packages/aiobotocore/httpsession.py:284: EndpointConnectionError
______________________________ test_Active_s3_v1 _______________________________
[gw0] darwin -- Python 3.10.20 /Users/dh935740@reading.ac.uk/miniconda3/envs/activestorage-3.10/bin/python3.10

self = <aiohttp.connector.TCPConnector object at 0x117edc2e0>, addr_infos = []
req = <aiohttp.client_reqrep.ClientRequest object at 0x1325a9240>
timeout = ClientTimeout(total=None, connect=None, sock_read=15, sock_connect=5, ceil_threshold=5)
client_error = <class 'aiohttp.client_exceptions.ClientConnectorError'>
args = (functools.partial(<class 'aiohttp.client_proto.ResponseHandler'>, loop=<_UnixSelectorEventLoop running=True closed=False debug=False>),)
kwargs = {'server_hostname': None, 'ssl': None}

    async def _wrap_create_connection(
        self,
        *args: Any,
        addr_infos: List[AddrInfoType],
        req: ClientRequest,
        timeout: "ClientTimeout",
        client_error: Type[Exception] = ClientConnectorError,
        **kwargs: Any,
    ) -> Tuple[asyncio.Transport, ResponseHandler]:
        try:
            async with ceil_timeout(
                timeout.sock_connect, ceil_threshold=timeout.ceil_threshold
            ):
>               sock = await aiohappyeyeballs.start_connection(
                    addr_infos=addr_infos,
                    local_addr_infos=self._local_addr_infos,
                    happy_eyeballs_delay=self._happy_eyeballs_delay,
                    interleave=self._interleave,
                    loop=self._loop,
                    socket_factory=self._socket_factory,
                )

../../../miniconda3/envs/activestorage-3.10/lib/python3.10/site-packages/aiohttp/connector.py:1310: 
_ _ _ _ _ _ _ _ _ _ _ _ _ _ _ _ _ _ _ _ _ _ _ _ _ _ _ _ _ _ _ _ _ _ _ _ _ _ _ _ 

addr_infos = [(<AddressFamily.AF_INET6: 30>, <SocketKind.SOCK_STREAM: 1>, 6, '', ('::1', 9000, 0, 0)), (<AddressFamily.AF_INET: 2>, <SocketKind.SOCK_STREAM: 1>, 6, '', ('127.0.0.1', 9000))]

    async def start_connection(
        addr_infos: Sequence[AddrInfoType],
        *,
        local_addr_infos: Optional[Sequence[AddrInfoType]] = None,
        happy_eyeballs_delay: Optional[float] = None,
        interleave: Optional[int] = None,
        loop: Optional[asyncio.AbstractEventLoop] = None,
        socket_factory: Optional[SocketFactoryType] = None,
    ) -> socket.socket:
        """
        Connect to a TCP server.
    
        Create a socket connection to a specified destination.  The
        destination is specified as a list of AddrInfoType tuples as
        returned from getaddrinfo().
    
        The arguments are, in order:
    
        * ``family``: the address family, e.g. ``socket.AF_INET`` or
            ``socket.AF_INET6``.
        * ``type``: the socket type, e.g. ``socket.SOCK_STREAM`` or
            ``socket.SOCK_DGRAM``.
        * ``proto``: the protocol, e.g. ``socket.IPPROTO_TCP`` or
            ``socket.IPPROTO_UDP``.
        * ``canonname``: the canonical name of the address, e.g.
            ``"www.python.org"``.
        * ``sockaddr``: the socket address
    
        This method is a coroutine which will try to establish the connection
        in the background. When successful, the coroutine returns a
        socket.
    
        The expected use case is to use this method in conjunction with
        loop.create_connection() to establish a connection to a server::
    
                socket = await start_connection(addr_infos)
                transport, protocol = await loop.create_connection(
                    MyProtocol, sock=socket, ...)
        """
        if not (current_loop := loop):
            current_loop = asyncio.get_running_loop()
    
        single_addr_info = len(addr_infos) == 1
    
        if happy_eyeballs_delay is not None and interleave is None:
            # If using happy eyeballs, default to interleave addresses by family
            interleave = 1
    
        if interleave and not single_addr_info:
            addr_infos = _interleave_addrinfos(addr_infos, interleave)
    
        sock: Optional[socket.socket] = None
        # uvloop can raise RuntimeError instead of OSError
        exceptions: List[List[Union[OSError, RuntimeError]]] = []
        if happy_eyeballs_delay is None or single_addr_info:
            # not using happy eyeballs
            for addrinfo in addr_infos:
                try:
                    sock = await _connect_sock(
                        current_loop,
                        exceptions,
                        addrinfo,
                        local_addr_infos,
                        None,
                        socket_factory,
                    )
                    break
                except (RuntimeError, OSError):
                    continue
        else:  # using happy eyeballs
            open_sockets: Set[socket.socket] = set()
            try:
                sock, _, _ = await _staggered.staggered_race(
                    (
                        functools.partial(
                            _connect_sock,
                            current_loop,
                            exceptions,
                            addrinfo,
                            local_addr_infos,
                            open_sockets,
                            socket_factory,
                        )
                        for addrinfo in addr_infos
                    ),
                    happy_eyeballs_delay,
                )
            finally:
                # If we have a winner, staggered_race will
                # cancel the other tasks, however there is a
                # small race window where any of the other tasks
                # can be done before they are cancelled which
                # will leave the socket open. To avoid this problem
                # we pass a set to _connect_sock to keep track of
                # the open sockets and close them here if there
                # are any "runner up" sockets.
                for s in open_sockets:
                    if s is not sock:
                        with contextlib.suppress(OSError):
                            s.close()
                open_sockets = None  # type: ignore[assignment]
    
        if sock is None:
            all_exceptions = [exc for sub in exceptions for exc in sub]
            try:
                first_exception = all_exceptions[0]
                if len(all_exceptions) == 1:
                    raise first_exception
                else:
                    # If they all have the same str(), raise one.
                    model = str(first_exception)
                    if all(str(exc) == model for exc in all_exceptions):
                        raise first_exception
                    # Raise a combined exception so the user can see all
                    # the various error messages.
                    msg = "Multiple exceptions: {}".format(
                        ", ".join(str(exc) for exc in all_exceptions)
                    )
                    # If the errno is the same for all exceptions, raise
                    # an OSError with that errno.
                    if isinstance(first_exception, OSError):
                        first_errno = first_exception.errno
                        if all(
                            isinstance(exc, OSError) and exc.errno == first_errno
                            for exc in all_exceptions
                        ):
>                           raise OSError(first_errno, msg)
E                           ConnectionRefusedError: [Errno 61] Multiple exceptions: [Errno 61] Connect call failed ('::1', 9000, 0, 0), [Errno 61] Connect call failed ('127.0.0.1', 9000)

../../../miniconda3/envs/activestorage-3.10/lib/python3.10/site-packages/aiohappyeyeballs/impl.py:141: ConnectionRefusedError

The above exception was the direct cause of the following exception:

self = <aiobotocore.httpsession.AIOHTTPSession object at 0x117ed4d90>
request = <AWSPreparedRequest stream_output=False, method=HEAD, url=http://localhost:9000/pyactivestorage/s3_test_bizarre_large....beadde9624', 'amz-sdk-invocation-id': b'74285e86-48fe-4590-a115-0bdb56e2c9b8', 'amz-sdk-request': b'attempt=5; max=5'}>

    async def send(self, request):
        try:
            proxy_url = self._proxy_config.proxy_url_for(request.url)
            proxy_headers = self._proxy_config.proxy_headers_for(request.url)
            url = request.url
            headers = request.headers
            data = request.body
    
            if ensure_boolean(
                os.environ.get('BOTO_EXPERIMENTAL__ADD_PROXY_HOST_HEADER', '')
            ):
                # This is currently an "experimental" feature which provides
                # no guarantees of backwards compatibility. It may be subject
                # to change or removal in any patch version. Anyone opting in
                # to this feature should strictly pin botocore.
                host = urlparse(request.url).hostname
                proxy_headers['host'] = host
    
            headers_ = CIMultiDict(
                (z[0], _text(z[1], encoding='utf-8')) for z in headers.items()
            )
    
            # https://github.com/boto/botocore/issues/1255
            headers_['Accept-Encoding'] = 'identity'
    
            if isinstance(data, io.IOBase):
                data = _IOBaseWrapper(data)
    
            url = URL(url, encoded=True)
            session = await self._get_session(proxy_url)
>           response = await session.request(
                request.method,
                url=url,
                chunked=self._chunked(headers_),
                headers=headers_,
                data=data,
                proxy=proxy_url,
                proxy_headers=proxy_headers,
            )

../../../miniconda3/envs/activestorage-3.10/lib/python3.10/site-packages/aiobotocore/httpsession.py:230: 
_ _ _ _ _ _ _ _ _ _ _ _ _ _ _ _ _ _ _ _ _ _ _ _ _ _ _ _ _ _ _ _ _ _ _ _ _ _ _ _ 
../../../miniconda3/envs/activestorage-3.10/lib/python3.10/site-packages/aiohttp/client.py:788: in _request
    resp = await handler(req)
../../../miniconda3/envs/activestorage-3.10/lib/python3.10/site-packages/aiohttp/client.py:742: in _connect_and_send_request
    conn = await self._connector.connect(
../../../miniconda3/envs/activestorage-3.10/lib/python3.10/site-packages/aiohttp/connector.py:672: in connect
    proto = await self._create_connection(req, traces, timeout)
../../../miniconda3/envs/activestorage-3.10/lib/python3.10/site-packages/aiohttp/connector.py:1251: in _create_connection
    _, proto = await self._create_direct_connection(req, traces, timeout)
../../../miniconda3/envs/activestorage-3.10/lib/python3.10/site-packages/aiohttp/connector.py:1623: in _create_direct_connection
    raise last_exc
../../../miniconda3/envs/activestorage-3.10/lib/python3.10/site-packages/aiohttp/connector.py:1592: in _create_direct_connection
    transp, proto = await self._wrap_create_connection(
_ _ _ _ _ _ _ _ _ _ _ _ _ _ _ _ _ _ _ _ _ _ _ _ _ _ _ _ _ _ _ _ _ _ _ _ _ _ _ _ 

self = <aiohttp.connector.TCPConnector object at 0x117edc2e0>, addr_infos = []
req = <aiohttp.client_reqrep.ClientRequest object at 0x1325a9240>
timeout = ClientTimeout(total=None, connect=None, sock_read=15, sock_connect=5, ceil_threshold=5)
client_error = <class 'aiohttp.client_exceptions.ClientConnectorError'>
args = (functools.partial(<class 'aiohttp.client_proto.ResponseHandler'>, loop=<_UnixSelectorEventLoop running=True closed=False debug=False>),)
kwargs = {'server_hostname': None, 'ssl': None}

    async def _wrap_create_connection(
        self,
        *args: Any,
        addr_infos: List[AddrInfoType],
        req: ClientRequest,
        timeout: "ClientTimeout",
        client_error: Type[Exception] = ClientConnectorError,
        **kwargs: Any,
    ) -> Tuple[asyncio.Transport, ResponseHandler]:
        try:
            async with ceil_timeout(
                timeout.sock_connect, ceil_threshold=timeout.ceil_threshold
            ):
                sock = await aiohappyeyeballs.start_connection(
                    addr_infos=addr_infos,
                    local_addr_infos=self._local_addr_infos,
                    happy_eyeballs_delay=self._happy_eyeballs_delay,
                    interleave=self._interleave,
                    loop=self._loop,
                    socket_factory=self._socket_factory,
                )
                # Add ssl_shutdown_timeout for Python 3.11+ when SSL is used
                if (
                    kwargs.get("ssl")
                    and self._ssl_shutdown_timeout
                    and sys.version_info >= (3, 11)
                ):
                    kwargs["ssl_shutdown_timeout"] = self._ssl_shutdown_timeout
                return await self._loop.create_connection(*args, **kwargs, sock=sock)
        except cert_errors as exc:
            raise ClientConnectorCertificateError(req.connection_key, exc) from exc
        except ssl_errors as exc:
            raise ClientConnectorSSLError(req.connection_key, exc) from exc
        except OSError as exc:
            if exc.errno is None and isinstance(exc, asyncio.TimeoutError):
                raise
>           raise client_error(req.connection_key, exc) from exc
E           aiohttp.client_exceptions.ClientConnectorError: Cannot connect to host localhost:9000 ssl:default [Multiple exceptions: [Errno 61] Connect call failed ('::1', 9000, 0, 0), [Errno 61] Connect call failed ('127.0.0.1', 9000)]

../../../miniconda3/envs/activestorage-3.10/lib/python3.10/site-packages/aiohttp/connector.py:1333: ClientConnectorError

During handling of the above exception, another exception occurred:

    def test_Active_s3_v1():
        """
        Test truly Active with an S3 file.
        """
        # run Active on s3 file
        s3_file = "s3://pyactivestorage/s3_test_bizarre_large.nc"
        active = Active(s3_file, "data", interface_type="s3")
        active._version = 1
        active.method = "mean"
        active.components = True
>       result1 = active[0:2, 4:6, 7:9]

../../../PyActiveStorage/tests/s3_exploratory/test_s3_performance.py:134: 
_ _ _ _ _ _ _ _ _ _ _ _ _ _ _ _ _ _ _ _ _ _ _ _ _ _ _ _ _ _ _ _ _ _ _ _ _ _ _ _ 
../../../miniconda3/envs/activestorage-3.10/lib/python3.10/site-packages/activestorage/active.py:324: in __getitem__
    self.__load_nc_file()
../../../miniconda3/envs/activestorage-3.10/lib/python3.10/site-packages/activestorage/active.py:306: in __load_nc_file
    nc = load_from_s3(self.uri, self.storage_options)
../../../miniconda3/envs/activestorage-3.10/lib/python3.10/site-packages/activestorage/active.py:77: in load_from_s3
    s3file = fs.open(uri, 'rb')
../../../miniconda3/envs/activestorage-3.10/lib/python3.10/site-packages/fsspec/spec.py:1352: in open
    f = self._open(
../../../miniconda3/envs/activestorage-3.10/lib/python3.10/site-packages/s3fs/core.py:816: in _open
    return S3File(
../../../miniconda3/envs/activestorage-3.10/lib/python3.10/site-packages/s3fs/core.py:2556: in __init__
    super().__init__(
../../../miniconda3/envs/activestorage-3.10/lib/python3.10/site-packages/fsspec/spec.py:1926: in __init__
    self.size = self.details["size"]
../../../miniconda3/envs/activestorage-3.10/lib/python3.10/site-packages/fsspec/spec.py:1939: in details
    self._details = self.fs.info(self.path)
../../../miniconda3/envs/activestorage-3.10/lib/python3.10/site-packages/fsspec/asyn.py:118: in wrapper
    return sync(self.loop, func, *args, **kwargs)
../../../miniconda3/envs/activestorage-3.10/lib/python3.10/site-packages/fsspec/asyn.py:103: in sync
    raise return_result
../../../miniconda3/envs/activestorage-3.10/lib/python3.10/site-packages/fsspec/asyn.py:56: in _runner
    result[0] = await coro
../../../miniconda3/envs/activestorage-3.10/lib/python3.10/site-packages/s3fs/core.py:1732: in _info
    out = await self._call_s3(
../../../miniconda3/envs/activestorage-3.10/lib/python3.10/site-packages/s3fs/core.py:460: in _call_s3
    return await _error_wrapper(
../../../miniconda3/envs/activestorage-3.10/lib/python3.10/site-packages/s3fs/core.py:215: in _error_wrapper
    raise err
../../../miniconda3/envs/activestorage-3.10/lib/python3.10/site-packages/s3fs/core.py:169: in _error_wrapper
    return await func(*args, **kwargs)
../../../miniconda3/envs/activestorage-3.10/lib/python3.10/site-packages/aiobotocore/context.py:36: in wrapper
    return await func(*args, **kwargs)
../../../miniconda3/envs/activestorage-3.10/lib/python3.10/site-packages/aiobotocore/client.py:418: in _make_api_call
    http, parsed_response = await self._make_request(
../../../miniconda3/envs/activestorage-3.10/lib/python3.10/site-packages/aiobotocore/client.py:444: in _make_request
    return await self._endpoint.make_request(
../../../miniconda3/envs/activestorage-3.10/lib/python3.10/site-packages/aiobotocore/endpoint.py:120: in _send_request
    while await self._needs_retry(
../../../miniconda3/envs/activestorage-3.10/lib/python3.10/site-packages/aiobotocore/endpoint.py:280: in _needs_retry
    responses = await self._event_emitter.emit(
../../../miniconda3/envs/activestorage-3.10/lib/python3.10/site-packages/aiobotocore/hooks.py:68: in _emit
    response = await resolve_awaitable(handler(**kwargs))
../../../miniconda3/envs/activestorage-3.10/lib/python3.10/site-packages/aiobotocore/_helpers.py:6: in resolve_awaitable
    return await obj
../../../miniconda3/envs/activestorage-3.10/lib/python3.10/site-packages/aiobotocore/retryhandler.py:107: in _call
    if await resolve_awaitable(self._checker(**checker_kwargs)):
../../../miniconda3/envs/activestorage-3.10/lib/python3.10/site-packages/aiobotocore/_helpers.py:6: in resolve_awaitable
    return await obj
../../../miniconda3/envs/activestorage-3.10/lib/python3.10/site-packages/aiobotocore/retryhandler.py:126: in _call
    should_retry = await self._should_retry(
../../../miniconda3/envs/activestorage-3.10/lib/python3.10/site-packages/aiobotocore/retryhandler.py:165: in _should_retry
    return await resolve_awaitable(
../../../miniconda3/envs/activestorage-3.10/lib/python3.10/site-packages/aiobotocore/_helpers.py:6: in resolve_awaitable
    return await obj
../../../miniconda3/envs/activestorage-3.10/lib/python3.10/site-packages/aiobotocore/retryhandler.py:174: in _call
    checker(attempt_number, response, caught_exception)
../../../miniconda3/envs/activestorage-3.10/lib/python3.10/site-packages/botocore/retryhandler.py:247: in __call__
    return self._check_caught_exception(
../../../miniconda3/envs/activestorage-3.10/lib/python3.10/site-packages/botocore/retryhandler.py:416: in _check_caught_exception
    raise caught_exception
../../../miniconda3/envs/activestorage-3.10/lib/python3.10/site-packages/aiobotocore/endpoint.py:201: in _do_get_response
    http_response = await self._send(request)
../../../miniconda3/envs/activestorage-3.10/lib/python3.10/site-packages/aiobotocore/endpoint.py:303: in _send
    return await self.http_session.send(request)
_ _ _ _ _ _ _ _ _ _ _ _ _ _ _ _ _ _ _ _ _ _ _ _ _ _ _ _ _ _ _ _ _ _ _ _ _ _ _ _ 

self = <aiobotocore.httpsession.AIOHTTPSession object at 0x117ed4d90>
request = <AWSPreparedRequest stream_output=False, method=HEAD, url=http://localhost:9000/pyactivestorage/s3_test_bizarre_large....beadde9624', 'amz-sdk-invocation-id': b'74285e86-48fe-4590-a115-0bdb56e2c9b8', 'amz-sdk-request': b'attempt=5; max=5'}>

    async def send(self, request):
        try:
            proxy_url = self._proxy_config.proxy_url_for(request.url)
            proxy_headers = self._proxy_config.proxy_headers_for(request.url)
            url = request.url
            headers = request.headers
            data = request.body
    
            if ensure_boolean(
                os.environ.get('BOTO_EXPERIMENTAL__ADD_PROXY_HOST_HEADER', '')
            ):
                # This is currently an "experimental" feature which provides
                # no guarantees of backwards compatibility. It may be subject
                # to change or removal in any patch version. Anyone opting in
                # to this feature should strictly pin botocore.
                host = urlparse(request.url).hostname
                proxy_headers['host'] = host
    
            headers_ = CIMultiDict(
                (z[0], _text(z[1], encoding='utf-8')) for z in headers.items()
            )
    
            # https://github.com/boto/botocore/issues/1255
            headers_['Accept-Encoding'] = 'identity'
    
            if isinstance(data, io.IOBase):
                data = _IOBaseWrapper(data)
    
            url = URL(url, encoded=True)
            session = await self._get_session(proxy_url)
            response = await session.request(
                request.method,
                url=url,
                chunked=self._chunked(headers_),
                headers=headers_,
                data=data,
                proxy=proxy_url,
                proxy_headers=proxy_headers,
            )
    
            # botocore converts keys to str, so make sure that they are in
            # the expected case. See detailed discussion here:
            # https://github.com/aio-libs/aiobotocore/pull/116
            # aiohttp's CIMultiDict camel cases the headers :(
            headers = {
                k.decode('utf-8').lower(): v.decode('utf-8')
                for k, v in response.raw_headers
            }
    
            http_response = aiobotocore.awsrequest.AioAWSResponse(
                str(response.url), response.status, headers, response
            )
    
            if not request.stream_output:
                # Cause the raw stream to be exhausted immediately. We do it
                # this way instead of using preload_content because
                # preload_content will never buffer chunked responses
                await http_response.content
    
            return http_response
        except ClientSSLError as e:
            raise SSLError(endpoint_url=request.url, error=e)
        except (ClientProxyConnectionError, ClientHttpProxyError) as e:
            raise ProxyConnectionError(
                proxy_url=mask_proxy_url(proxy_url), error=e
            )
        except (
            ServerDisconnectedError,
            aiohttp.ClientPayloadError,
            aiohttp.http_exceptions.BadStatusLine,
        ) as e:
            raise ConnectionClosedError(
                error=e, request=request, endpoint_url=request.url
            )
        except ServerTimeoutError as e:
            if str(e).lower().startswith('connect'):
                raise ConnectTimeoutError(endpoint_url=request.url, error=e)
            else:
                raise ReadTimeoutError(endpoint_url=request.url, error=e)
        except (
            ClientConnectorError,
            ClientConnectionError,
            socket.gaierror,
        ) as e:
>           raise EndpointConnectionError(endpoint_url=request.url, error=e)
E           botocore.exceptions.EndpointConnectionError: Could not connect to the endpoint URL: "http://localhost:9000/pyactivestorage/s3_test_bizarre_large.nc"

../../../miniconda3/envs/activestorage-3.10/lib/python3.10/site-packages/aiobotocore/httpsession.py:284: EndpointConnectionError
______________________________ test_Active_s3_v2 _______________________________
[gw0] darwin -- Python 3.10.20 /Users/dh935740@reading.ac.uk/miniconda3/envs/activestorage-3.10/bin/python3.10

self = <aiohttp.connector.TCPConnector object at 0x117edc2e0>, addr_infos = []
req = <aiohttp.client_reqrep.ClientRequest object at 0x16828df60>
timeout = ClientTimeout(total=None, connect=None, sock_read=15, sock_connect=5, ceil_threshold=5)
client_error = <class 'aiohttp.client_exceptions.ClientConnectorError'>
args = (functools.partial(<class 'aiohttp.client_proto.ResponseHandler'>, loop=<_UnixSelectorEventLoop running=True closed=False debug=False>),)
kwargs = {'server_hostname': None, 'ssl': None}

    async def _wrap_create_connection(
        self,
        *args: Any,
        addr_infos: List[AddrInfoType],
        req: ClientRequest,
        timeout: "ClientTimeout",
        client_error: Type[Exception] = ClientConnectorError,
        **kwargs: Any,
    ) -> Tuple[asyncio.Transport, ResponseHandler]:
        try:
            async with ceil_timeout(
                timeout.sock_connect, ceil_threshold=timeout.ceil_threshold
            ):
>               sock = await aiohappyeyeballs.start_connection(
                    addr_infos=addr_infos,
                    local_addr_infos=self._local_addr_infos,
                    happy_eyeballs_delay=self._happy_eyeballs_delay,
                    interleave=self._interleave,
                    loop=self._loop,
                    socket_factory=self._socket_factory,
                )

../../../miniconda3/envs/activestorage-3.10/lib/python3.10/site-packages/aiohttp/connector.py:1310: 
_ _ _ _ _ _ _ _ _ _ _ _ _ _ _ _ _ _ _ _ _ _ _ _ _ _ _ _ _ _ _ _ _ _ _ _ _ _ _ _ 

addr_infos = [(<AddressFamily.AF_INET: 2>, <SocketKind.SOCK_STREAM: 1>, 6, '', ('127.0.0.1', 9000)), (<AddressFamily.AF_INET6: 30>, <SocketKind.SOCK_STREAM: 1>, 6, '', ('::1', 9000, 0, 0))]

    async def start_connection(
        addr_infos: Sequence[AddrInfoType],
        *,
        local_addr_infos: Optional[Sequence[AddrInfoType]] = None,
        happy_eyeballs_delay: Optional[float] = None,
        interleave: Optional[int] = None,
        loop: Optional[asyncio.AbstractEventLoop] = None,
        socket_factory: Optional[SocketFactoryType] = None,
    ) -> socket.socket:
        """
        Connect to a TCP server.
    
        Create a socket connection to a specified destination.  The
        destination is specified as a list of AddrInfoType tuples as
        returned from getaddrinfo().
    
        The arguments are, in order:
    
        * ``family``: the address family, e.g. ``socket.AF_INET`` or
            ``socket.AF_INET6``.
        * ``type``: the socket type, e.g. ``socket.SOCK_STREAM`` or
            ``socket.SOCK_DGRAM``.
        * ``proto``: the protocol, e.g. ``socket.IPPROTO_TCP`` or
            ``socket.IPPROTO_UDP``.
        * ``canonname``: the canonical name of the address, e.g.
            ``"www.python.org"``.
        * ``sockaddr``: the socket address
    
        This method is a coroutine which will try to establish the connection
        in the background. When successful, the coroutine returns a
        socket.
    
        The expected use case is to use this method in conjunction with
        loop.create_connection() to establish a connection to a server::
    
                socket = await start_connection(addr_infos)
                transport, protocol = await loop.create_connection(
                    MyProtocol, sock=socket, ...)
        """
        if not (current_loop := loop):
            current_loop = asyncio.get_running_loop()
    
        single_addr_info = len(addr_infos) == 1
    
        if happy_eyeballs_delay is not None and interleave is None:
            # If using happy eyeballs, default to interleave addresses by family
            interleave = 1
    
        if interleave and not single_addr_info:
            addr_infos = _interleave_addrinfos(addr_infos, interleave)
    
        sock: Optional[socket.socket] = None
        # uvloop can raise RuntimeError instead of OSError
        exceptions: List[List[Union[OSError, RuntimeError]]] = []
        if happy_eyeballs_delay is None or single_addr_info:
            # not using happy eyeballs
            for addrinfo in addr_infos:
                try:
                    sock = await _connect_sock(
                        current_loop,
                        exceptions,
                        addrinfo,
                        local_addr_infos,
                        None,
                        socket_factory,
                    )
                    break
                except (RuntimeError, OSError):
                    continue
        else:  # using happy eyeballs
            open_sockets: Set[socket.socket] = set()
            try:
                sock, _, _ = await _staggered.staggered_race(
                    (
                        functools.partial(
                            _connect_sock,
                            current_loop,
                            exceptions,
                            addrinfo,
                            local_addr_infos,
                            open_sockets,
                            socket_factory,
                        )
                        for addrinfo in addr_infos
                    ),
                    happy_eyeballs_delay,
                )
            finally:
                # If we have a winner, staggered_race will
                # cancel the other tasks, however there is a
                # small race window where any of the other tasks
                # can be done before they are cancelled which
                # will leave the socket open. To avoid this problem
                # we pass a set to _connect_sock to keep track of
                # the open sockets and close them here if there
                # are any "runner up" sockets.
                for s in open_sockets:
                    if s is not sock:
                        with contextlib.suppress(OSError):
                            s.close()
                open_sockets = None  # type: ignore[assignment]
    
        if sock is None:
            all_exceptions = [exc for sub in exceptions for exc in sub]
            try:
                first_exception = all_exceptions[0]
                if len(all_exceptions) == 1:
                    raise first_exception
                else:
                    # If they all have the same str(), raise one.
                    model = str(first_exception)
                    if all(str(exc) == model for exc in all_exceptions):
                        raise first_exception
                    # Raise a combined exception so the user can see all
                    # the various error messages.
                    msg = "Multiple exceptions: {}".format(
                        ", ".join(str(exc) for exc in all_exceptions)
                    )
                    # If the errno is the same for all exceptions, raise
                    # an OSError with that errno.
                    if isinstance(first_exception, OSError):
                        first_errno = first_exception.errno
                        if all(
                            isinstance(exc, OSError) and exc.errno == first_errno
                            for exc in all_exceptions
                        ):
>                           raise OSError(first_errno, msg)
E                           ConnectionRefusedError: [Errno 61] Multiple exceptions: [Errno 61] Connect call failed ('127.0.0.1', 9000), [Errno 61] Connect call failed ('::1', 9000, 0, 0)

../../../miniconda3/envs/activestorage-3.10/lib/python3.10/site-packages/aiohappyeyeballs/impl.py:141: ConnectionRefusedError

The above exception was the direct cause of the following exception:

self = <aiobotocore.httpsession.AIOHTTPSession object at 0x117ed4d90>
request = <AWSPreparedRequest stream_output=False, method=HEAD, url=http://localhost:9000/pyactivestorage/s3_test_bizarre_large....90e957cffe', 'amz-sdk-invocation-id': b'afbb0c1a-d9e5-4612-b350-e90826e06f50', 'amz-sdk-request': b'attempt=5; max=5'}>

    async def send(self, request):
        try:
            proxy_url = self._proxy_config.proxy_url_for(request.url)
            proxy_headers = self._proxy_config.proxy_headers_for(request.url)
            url = request.url
            headers = request.headers
            data = request.body
    
            if ensure_boolean(
                os.environ.get('BOTO_EXPERIMENTAL__ADD_PROXY_HOST_HEADER', '')
            ):
                # This is currently an "experimental" feature which provides
                # no guarantees of backwards compatibility. It may be subject
                # to change or removal in any patch version. Anyone opting in
                # to this feature should strictly pin botocore.
                host = urlparse(request.url).hostname
                proxy_headers['host'] = host
    
            headers_ = CIMultiDict(
                (z[0], _text(z[1], encoding='utf-8')) for z in headers.items()
            )
    
            # https://github.com/boto/botocore/issues/1255
            headers_['Accept-Encoding'] = 'identity'
    
            if isinstance(data, io.IOBase):
                data = _IOBaseWrapper(data)
    
            url = URL(url, encoded=True)
            session = await self._get_session(proxy_url)
>           response = await session.request(
                request.method,
                url=url,
                chunked=self._chunked(headers_),
                headers=headers_,
                data=data,
                proxy=proxy_url,
                proxy_headers=proxy_headers,
            )

../../../miniconda3/envs/activestorage-3.10/lib/python3.10/site-packages/aiobotocore/httpsession.py:230: 
_ _ _ _ _ _ _ _ _ _ _ _ _ _ _ _ _ _ _ _ _ _ _ _ _ _ _ _ _ _ _ _ _ _ _ _ _ _ _ _ 
../../../miniconda3/envs/activestorage-3.10/lib/python3.10/site-packages/aiohttp/client.py:788: in _request
    resp = await handler(req)
../../../miniconda3/envs/activestorage-3.10/lib/python3.10/site-packages/aiohttp/client.py:742: in _connect_and_send_request
    conn = await self._connector.connect(
../../../miniconda3/envs/activestorage-3.10/lib/python3.10/site-packages/aiohttp/connector.py:672: in connect
    proto = await self._create_connection(req, traces, timeout)
../../../miniconda3/envs/activestorage-3.10/lib/python3.10/site-packages/aiohttp/connector.py:1251: in _create_connection
    _, proto = await self._create_direct_connection(req, traces, timeout)
../../../miniconda3/envs/activestorage-3.10/lib/python3.10/site-packages/aiohttp/connector.py:1623: in _create_direct_connection
    raise last_exc
../../../miniconda3/envs/activestorage-3.10/lib/python3.10/site-packages/aiohttp/connector.py:1592: in _create_direct_connection
    transp, proto = await self._wrap_create_connection(
_ _ _ _ _ _ _ _ _ _ _ _ _ _ _ _ _ _ _ _ _ _ _ _ _ _ _ _ _ _ _ _ _ _ _ _ _ _ _ _ 

self = <aiohttp.connector.TCPConnector object at 0x117edc2e0>, addr_infos = []
req = <aiohttp.client_reqrep.ClientRequest object at 0x16828df60>
timeout = ClientTimeout(total=None, connect=None, sock_read=15, sock_connect=5, ceil_threshold=5)
client_error = <class 'aiohttp.client_exceptions.ClientConnectorError'>
args = (functools.partial(<class 'aiohttp.client_proto.ResponseHandler'>, loop=<_UnixSelectorEventLoop running=True closed=False debug=False>),)
kwargs = {'server_hostname': None, 'ssl': None}

    async def _wrap_create_connection(
        self,
        *args: Any,
        addr_infos: List[AddrInfoType],
        req: ClientRequest,
        timeout: "ClientTimeout",
        client_error: Type[Exception] = ClientConnectorError,
        **kwargs: Any,
    ) -> Tuple[asyncio.Transport, ResponseHandler]:
        try:
            async with ceil_timeout(
                timeout.sock_connect, ceil_threshold=timeout.ceil_threshold
            ):
                sock = await aiohappyeyeballs.start_connection(
                    addr_infos=addr_infos,
                    local_addr_infos=self._local_addr_infos,
                    happy_eyeballs_delay=self._happy_eyeballs_delay,
                    interleave=self._interleave,
                    loop=self._loop,
                    socket_factory=self._socket_factory,
                )
                # Add ssl_shutdown_timeout for Python 3.11+ when SSL is used
                if (
                    kwargs.get("ssl")
                    and self._ssl_shutdown_timeout
                    and sys.version_info >= (3, 11)
                ):
                    kwargs["ssl_shutdown_timeout"] = self._ssl_shutdown_timeout
                return await self._loop.create_connection(*args, **kwargs, sock=sock)
        except cert_errors as exc:
            raise ClientConnectorCertificateError(req.connection_key, exc) from exc
        except ssl_errors as exc:
            raise ClientConnectorSSLError(req.connection_key, exc) from exc
        except OSError as exc:
            if exc.errno is None and isinstance(exc, asyncio.TimeoutError):
                raise
>           raise client_error(req.connection_key, exc) from exc
E           aiohttp.client_exceptions.ClientConnectorError: Cannot connect to host localhost:9000 ssl:default [Multiple exceptions: [Errno 61] Connect call failed ('127.0.0.1', 9000), [Errno 61] Connect call failed ('::1', 9000, 0, 0)]

../../../miniconda3/envs/activestorage-3.10/lib/python3.10/site-packages/aiohttp/connector.py:1333: ClientConnectorError

During handling of the above exception, another exception occurred:

    def test_Active_s3_v2():
        """
        Test truly Active with an S3 file.
        """
        # run Active on s3 file
        s3_file = "s3://pyactivestorage/s3_test_bizarre_large.nc"
        active = Active(s3_file, "data", interface_type="s3")
        active._version = 2
        active.method = "mean"
        active.components = True
>       result1 = active[0:2, 4:6, 7:9]

../../../PyActiveStorage/tests/s3_exploratory/test_s3_performance.py:147: 
_ _ _ _ _ _ _ _ _ _ _ _ _ _ _ _ _ _ _ _ _ _ _ _ _ _ _ _ _ _ _ _ _ _ _ _ _ _ _ _ 
../../../miniconda3/envs/activestorage-3.10/lib/python3.10/site-packages/activestorage/active.py:324: in __getitem__
    self.__load_nc_file()
../../../miniconda3/envs/activestorage-3.10/lib/python3.10/site-packages/activestorage/active.py:306: in __load_nc_file
    nc = load_from_s3(self.uri, self.storage_options)
../../../miniconda3/envs/activestorage-3.10/lib/python3.10/site-packages/activestorage/active.py:77: in load_from_s3
    s3file = fs.open(uri, 'rb')
../../../miniconda3/envs/activestorage-3.10/lib/python3.10/site-packages/fsspec/spec.py:1352: in open
    f = self._open(
../../../miniconda3/envs/activestorage-3.10/lib/python3.10/site-packages/s3fs/core.py:816: in _open
    return S3File(
../../../miniconda3/envs/activestorage-3.10/lib/python3.10/site-packages/s3fs/core.py:2556: in __init__
    super().__init__(
../../../miniconda3/envs/activestorage-3.10/lib/python3.10/site-packages/fsspec/spec.py:1926: in __init__
    self.size = self.details["size"]
../../../miniconda3/envs/activestorage-3.10/lib/python3.10/site-packages/fsspec/spec.py:1939: in details
    self._details = self.fs.info(self.path)
../../../miniconda3/envs/activestorage-3.10/lib/python3.10/site-packages/fsspec/asyn.py:118: in wrapper
    return sync(self.loop, func, *args, **kwargs)
../../../miniconda3/envs/activestorage-3.10/lib/python3.10/site-packages/fsspec/asyn.py:103: in sync
    raise return_result
../../../miniconda3/envs/activestorage-3.10/lib/python3.10/site-packages/fsspec/asyn.py:56: in _runner
    result[0] = await coro
../../../miniconda3/envs/activestorage-3.10/lib/python3.10/site-packages/s3fs/core.py:1732: in _info
    out = await self._call_s3(
../../../miniconda3/envs/activestorage-3.10/lib/python3.10/site-packages/s3fs/core.py:460: in _call_s3
    return await _error_wrapper(
../../../miniconda3/envs/activestorage-3.10/lib/python3.10/site-packages/s3fs/core.py:215: in _error_wrapper
    raise err
../../../miniconda3/envs/activestorage-3.10/lib/python3.10/site-packages/s3fs/core.py:169: in _error_wrapper
    return await func(*args, **kwargs)
../../../miniconda3/envs/activestorage-3.10/lib/python3.10/site-packages/aiobotocore/context.py:36: in wrapper
    return await func(*args, **kwargs)
../../../miniconda3/envs/activestorage-3.10/lib/python3.10/site-packages/aiobotocore/client.py:418: in _make_api_call
    http, parsed_response = await self._make_request(
../../../miniconda3/envs/activestorage-3.10/lib/python3.10/site-packages/aiobotocore/client.py:444: in _make_request
    return await self._endpoint.make_request(
../../../miniconda3/envs/activestorage-3.10/lib/python3.10/site-packages/aiobotocore/endpoint.py:120: in _send_request
    while await self._needs_retry(
../../../miniconda3/envs/activestorage-3.10/lib/python3.10/site-packages/aiobotocore/endpoint.py:280: in _needs_retry
    responses = await self._event_emitter.emit(
../../../miniconda3/envs/activestorage-3.10/lib/python3.10/site-packages/aiobotocore/hooks.py:68: in _emit
    response = await resolve_awaitable(handler(**kwargs))
../../../miniconda3/envs/activestorage-3.10/lib/python3.10/site-packages/aiobotocore/_helpers.py:6: in resolve_awaitable
    return await obj
../../../miniconda3/envs/activestorage-3.10/lib/python3.10/site-packages/aiobotocore/retryhandler.py:107: in _call
    if await resolve_awaitable(self._checker(**checker_kwargs)):
../../../miniconda3/envs/activestorage-3.10/lib/python3.10/site-packages/aiobotocore/_helpers.py:6: in resolve_awaitable
    return await obj
../../../miniconda3/envs/activestorage-3.10/lib/python3.10/site-packages/aiobotocore/retryhandler.py:126: in _call
    should_retry = await self._should_retry(
../../../miniconda3/envs/activestorage-3.10/lib/python3.10/site-packages/aiobotocore/retryhandler.py:165: in _should_retry
    return await resolve_awaitable(
../../../miniconda3/envs/activestorage-3.10/lib/python3.10/site-packages/aiobotocore/_helpers.py:6: in resolve_awaitable
    return await obj
../../../miniconda3/envs/activestorage-3.10/lib/python3.10/site-packages/aiobotocore/retryhandler.py:174: in _call
    checker(attempt_number, response, caught_exception)
../../../miniconda3/envs/activestorage-3.10/lib/python3.10/site-packages/botocore/retryhandler.py:247: in __call__
    return self._check_caught_exception(
../../../miniconda3/envs/activestorage-3.10/lib/python3.10/site-packages/botocore/retryhandler.py:416: in _check_caught_exception
    raise caught_exception
../../../miniconda3/envs/activestorage-3.10/lib/python3.10/site-packages/aiobotocore/endpoint.py:201: in _do_get_response
    http_response = await self._send(request)
../../../miniconda3/envs/activestorage-3.10/lib/python3.10/site-packages/aiobotocore/endpoint.py:303: in _send
    return await self.http_session.send(request)
_ _ _ _ _ _ _ _ _ _ _ _ _ _ _ _ _ _ _ _ _ _ _ _ _ _ _ _ _ _ _ _ _ _ _ _ _ _ _ _ 

self = <aiobotocore.httpsession.AIOHTTPSession object at 0x117ed4d90>
request = <AWSPreparedRequest stream_output=False, method=HEAD, url=http://localhost:9000/pyactivestorage/s3_test_bizarre_large....90e957cffe', 'amz-sdk-invocation-id': b'afbb0c1a-d9e5-4612-b350-e90826e06f50', 'amz-sdk-request': b'attempt=5; max=5'}>

    async def send(self, request):
        try:
            proxy_url = self._proxy_config.proxy_url_for(request.url)
            proxy_headers = self._proxy_config.proxy_headers_for(request.url)
            url = request.url
            headers = request.headers
            data = request.body
    
            if ensure_boolean(
                os.environ.get('BOTO_EXPERIMENTAL__ADD_PROXY_HOST_HEADER', '')
            ):
                # This is currently an "experimental" feature which provides
                # no guarantees of backwards compatibility. It may be subject
                # to change or removal in any patch version. Anyone opting in
                # to this feature should strictly pin botocore.
                host = urlparse(request.url).hostname
                proxy_headers['host'] = host
    
            headers_ = CIMultiDict(
                (z[0], _text(z[1], encoding='utf-8')) for z in headers.items()
            )
    
            # https://github.com/boto/botocore/issues/1255
            headers_['Accept-Encoding'] = 'identity'
    
            if isinstance(data, io.IOBase):
                data = _IOBaseWrapper(data)
    
            url = URL(url, encoded=True)
            session = await self._get_session(proxy_url)
            response = await session.request(
                request.method,
                url=url,
                chunked=self._chunked(headers_),
                headers=headers_,
                data=data,
                proxy=proxy_url,
                proxy_headers=proxy_headers,
            )
    
            # botocore converts keys to str, so make sure that they are in
            # the expected case. See detailed discussion here:
            # https://github.com/aio-libs/aiobotocore/pull/116
            # aiohttp's CIMultiDict camel cases the headers :(
            headers = {
                k.decode('utf-8').lower(): v.decode('utf-8')
                for k, v in response.raw_headers
            }
    
            http_response = aiobotocore.awsrequest.AioAWSResponse(
                str(response.url), response.status, headers, response
            )
    
            if not request.stream_output:
                # Cause the raw stream to be exhausted immediately. We do it
                # this way instead of using preload_content because
                # preload_content will never buffer chunked responses
                await http_response.content
    
            return http_response
        except ClientSSLError as e:
            raise SSLError(endpoint_url=request.url, error=e)
        except (ClientProxyConnectionError, ClientHttpProxyError) as e:
            raise ProxyConnectionError(
                proxy_url=mask_proxy_url(proxy_url), error=e
            )
        except (
            ServerDisconnectedError,
            aiohttp.ClientPayloadError,
            aiohttp.http_exceptions.BadStatusLine,
        ) as e:
            raise ConnectionClosedError(
                error=e, request=request, endpoint_url=request.url
            )
        except ServerTimeoutError as e:
            if str(e).lower().startswith('connect'):
                raise ConnectTimeoutError(endpoint_url=request.url, error=e)
            else:
                raise ReadTimeoutError(endpoint_url=request.url, error=e)
        except (
            ClientConnectorError,
            ClientConnectionError,
            socket.gaierror,
        ) as e:
>           raise EndpointConnectionError(endpoint_url=request.url, error=e)
E           botocore.exceptions.EndpointConnectionError: Could not connect to the endpoint URL: "http://localhost:9000/pyactivestorage/s3_test_bizarre_large.nc"

../../../miniconda3/envs/activestorage-3.10/lib/python3.10/site-packages/aiobotocore/httpsession.py:284: EndpointConnectionError
_________________________________ test_Active __________________________________
[gw0] darwin -- Python 3.10.20 /Users/dh935740@reading.ac.uk/miniconda3/envs/activestorage-3.10/bin/python3.10

self = <aiohttp.connector.TCPConnector object at 0x117edc2e0>, addr_infos = []
req = <aiohttp.client_reqrep.ClientRequest object at 0x168366230>
timeout = ClientTimeout(total=None, connect=None, sock_read=15, sock_connect=5, ceil_threshold=5)
client_error = <class 'aiohttp.client_exceptions.ClientConnectorError'>
args = (functools.partial(<class 'aiohttp.client_proto.ResponseHandler'>, loop=<_UnixSelectorEventLoop running=True closed=False debug=False>),)
kwargs = {'server_hostname': None, 'ssl': None}

    async def _wrap_create_connection(
        self,
        *args: Any,
        addr_infos: List[AddrInfoType],
        req: ClientRequest,
        timeout: "ClientTimeout",
        client_error: Type[Exception] = ClientConnectorError,
        **kwargs: Any,
    ) -> Tuple[asyncio.Transport, ResponseHandler]:
        try:
            async with ceil_timeout(
                timeout.sock_connect, ceil_threshold=timeout.ceil_threshold
            ):
>               sock = await aiohappyeyeballs.start_connection(
                    addr_infos=addr_infos,
                    local_addr_infos=self._local_addr_infos,
                    happy_eyeballs_delay=self._happy_eyeballs_delay,
                    interleave=self._interleave,
                    loop=self._loop,
                    socket_factory=self._socket_factory,
                )

../../../miniconda3/envs/activestorage-3.10/lib/python3.10/site-packages/aiohttp/connector.py:1310: 
_ _ _ _ _ _ _ _ _ _ _ _ _ _ _ _ _ _ _ _ _ _ _ _ _ _ _ _ _ _ _ _ _ _ _ _ _ _ _ _ 

addr_infos = [(<AddressFamily.AF_INET6: 30>, <SocketKind.SOCK_STREAM: 1>, 6, '', ('::1', 9000, 0, 0)), (<AddressFamily.AF_INET: 2>, <SocketKind.SOCK_STREAM: 1>, 6, '', ('127.0.0.1', 9000))]

    async def start_connection(
        addr_infos: Sequence[AddrInfoType],
        *,
        local_addr_infos: Optional[Sequence[AddrInfoType]] = None,
        happy_eyeballs_delay: Optional[float] = None,
        interleave: Optional[int] = None,
        loop: Optional[asyncio.AbstractEventLoop] = None,
        socket_factory: Optional[SocketFactoryType] = None,
    ) -> socket.socket:
        """
        Connect to a TCP server.
    
        Create a socket connection to a specified destination.  The
        destination is specified as a list of AddrInfoType tuples as
        returned from getaddrinfo().
    
        The arguments are, in order:
    
        * ``family``: the address family, e.g. ``socket.AF_INET`` or
            ``socket.AF_INET6``.
        * ``type``: the socket type, e.g. ``socket.SOCK_STREAM`` or
            ``socket.SOCK_DGRAM``.
        * ``proto``: the protocol, e.g. ``socket.IPPROTO_TCP`` or
            ``socket.IPPROTO_UDP``.
        * ``canonname``: the canonical name of the address, e.g.
            ``"www.python.org"``.
        * ``sockaddr``: the socket address
    
        This method is a coroutine which will try to establish the connection
        in the background. When successful, the coroutine returns a
        socket.
    
        The expected use case is to use this method in conjunction with
        loop.create_connection() to establish a connection to a server::
    
                socket = await start_connection(addr_infos)
                transport, protocol = await loop.create_connection(
                    MyProtocol, sock=socket, ...)
        """
        if not (current_loop := loop):
            current_loop = asyncio.get_running_loop()
    
        single_addr_info = len(addr_infos) == 1
    
        if happy_eyeballs_delay is not None and interleave is None:
            # If using happy eyeballs, default to interleave addresses by family
            interleave = 1
    
        if interleave and not single_addr_info:
            addr_infos = _interleave_addrinfos(addr_infos, interleave)
    
        sock: Optional[socket.socket] = None
        # uvloop can raise RuntimeError instead of OSError
        exceptions: List[List[Union[OSError, RuntimeError]]] = []
        if happy_eyeballs_delay is None or single_addr_info:
            # not using happy eyeballs
            for addrinfo in addr_infos:
                try:
                    sock = await _connect_sock(
                        current_loop,
                        exceptions,
                        addrinfo,
                        local_addr_infos,
                        None,
                        socket_factory,
                    )
                    break
                except (RuntimeError, OSError):
                    continue
        else:  # using happy eyeballs
            open_sockets: Set[socket.socket] = set()
            try:
                sock, _, _ = await _staggered.staggered_race(
                    (
                        functools.partial(
                            _connect_sock,
                            current_loop,
                            exceptions,
                            addrinfo,
                            local_addr_infos,
                            open_sockets,
                            socket_factory,
                        )
                        for addrinfo in addr_infos
                    ),
                    happy_eyeballs_delay,
                )
            finally:
                # If we have a winner, staggered_race will
                # cancel the other tasks, however there is a
                # small race window where any of the other tasks
                # can be done before they are cancelled which
                # will leave the socket open. To avoid this problem
                # we pass a set to _connect_sock to keep track of
                # the open sockets and close them here if there
                # are any "runner up" sockets.
                for s in open_sockets:
                    if s is not sock:
                        with contextlib.suppress(OSError):
                            s.close()
                open_sockets = None  # type: ignore[assignment]
    
        if sock is None:
            all_exceptions = [exc for sub in exceptions for exc in sub]
            try:
                first_exception = all_exceptions[0]
                if len(all_exceptions) == 1:
                    raise first_exception
                else:
                    # If they all have the same str(), raise one.
                    model = str(first_exception)
                    if all(str(exc) == model for exc in all_exceptions):
                        raise first_exception
                    # Raise a combined exception so the user can see all
                    # the various error messages.
                    msg = "Multiple exceptions: {}".format(
                        ", ".join(str(exc) for exc in all_exceptions)
                    )
                    # If the errno is the same for all exceptions, raise
                    # an OSError with that errno.
                    if isinstance(first_exception, OSError):
                        first_errno = first_exception.errno
                        if all(
                            isinstance(exc, OSError) and exc.errno == first_errno
                            for exc in all_exceptions
                        ):
>                           raise OSError(first_errno, msg)
E                           ConnectionRefusedError: [Errno 61] Multiple exceptions: [Errno 61] Connect call failed ('::1', 9000, 0, 0), [Errno 61] Connect call failed ('127.0.0.1', 9000)

../../../miniconda3/envs/activestorage-3.10/lib/python3.10/site-packages/aiohappyeyeballs/impl.py:141: ConnectionRefusedError

The above exception was the direct cause of the following exception:

self = <aiobotocore.httpsession.AIOHTTPSession object at 0x117ed4d90>
request = <AWSPreparedRequest stream_output=False, method=PUT, url=http://localhost:9000/pyactivestorage, headers={'User-Agent':...nvocation-id': b'ac4b996a-0784-46e4-9cae-cf7226661c33', 'amz-sdk-request': b'attempt=5; max=5', 'Content-Length': '0'}>

    async def send(self, request):
        try:
            proxy_url = self._proxy_config.proxy_url_for(request.url)
            proxy_headers = self._proxy_config.proxy_headers_for(request.url)
            url = request.url
            headers = request.headers
            data = request.body
    
            if ensure_boolean(
                os.environ.get('BOTO_EXPERIMENTAL__ADD_PROXY_HOST_HEADER', '')
            ):
                # This is currently an "experimental" feature which provides
                # no guarantees of backwards compatibility. It may be subject
                # to change or removal in any patch version. Anyone opting in
                # to this feature should strictly pin botocore.
                host = urlparse(request.url).hostname
                proxy_headers['host'] = host
    
            headers_ = CIMultiDict(
                (z[0], _text(z[1], encoding='utf-8')) for z in headers.items()
            )
    
            # https://github.com/boto/botocore/issues/1255
            headers_['Accept-Encoding'] = 'identity'
    
            if isinstance(data, io.IOBase):
                data = _IOBaseWrapper(data)
    
            url = URL(url, encoded=True)
            session = await self._get_session(proxy_url)
>           response = await session.request(
                request.method,
                url=url,
                chunked=self._chunked(headers_),
                headers=headers_,
                data=data,
                proxy=proxy_url,
                proxy_headers=proxy_headers,
            )

../../../miniconda3/envs/activestorage-3.10/lib/python3.10/site-packages/aiobotocore/httpsession.py:230: 
_ _ _ _ _ _ _ _ _ _ _ _ _ _ _ _ _ _ _ _ _ _ _ _ _ _ _ _ _ _ _ _ _ _ _ _ _ _ _ _ 
../../../miniconda3/envs/activestorage-3.10/lib/python3.10/site-packages/aiohttp/client.py:788: in _request
    resp = await handler(req)
../../../miniconda3/envs/activestorage-3.10/lib/python3.10/site-packages/aiohttp/client.py:742: in _connect_and_send_request
    conn = await self._connector.connect(
../../../miniconda3/envs/activestorage-3.10/lib/python3.10/site-packages/aiohttp/connector.py:672: in connect
    proto = await self._create_connection(req, traces, timeout)
../../../miniconda3/envs/activestorage-3.10/lib/python3.10/site-packages/aiohttp/connector.py:1251: in _create_connection
    _, proto = await self._create_direct_connection(req, traces, timeout)
../../../miniconda3/envs/activestorage-3.10/lib/python3.10/site-packages/aiohttp/connector.py:1623: in _create_direct_connection
    raise last_exc
../../../miniconda3/envs/activestorage-3.10/lib/python3.10/site-packages/aiohttp/connector.py:1592: in _create_direct_connection
    transp, proto = await self._wrap_create_connection(
_ _ _ _ _ _ _ _ _ _ _ _ _ _ _ _ _ _ _ _ _ _ _ _ _ _ _ _ _ _ _ _ _ _ _ _ _ _ _ _ 

self = <aiohttp.connector.TCPConnector object at 0x117edc2e0>, addr_infos = []
req = <aiohttp.client_reqrep.ClientRequest object at 0x168366230>
timeout = ClientTimeout(total=None, connect=None, sock_read=15, sock_connect=5, ceil_threshold=5)
client_error = <class 'aiohttp.client_exceptions.ClientConnectorError'>
args = (functools.partial(<class 'aiohttp.client_proto.ResponseHandler'>, loop=<_UnixSelectorEventLoop running=True closed=False debug=False>),)
kwargs = {'server_hostname': None, 'ssl': None}

    async def _wrap_create_connection(
        self,
        *args: Any,
        addr_infos: List[AddrInfoType],
        req: ClientRequest,
        timeout: "ClientTimeout",
        client_error: Type[Exception] = ClientConnectorError,
        **kwargs: Any,
    ) -> Tuple[asyncio.Transport, ResponseHandler]:
        try:
            async with ceil_timeout(
                timeout.sock_connect, ceil_threshold=timeout.ceil_threshold
            ):
                sock = await aiohappyeyeballs.start_connection(
                    addr_infos=addr_infos,
                    local_addr_infos=self._local_addr_infos,
                    happy_eyeballs_delay=self._happy_eyeballs_delay,
                    interleave=self._interleave,
                    loop=self._loop,
                    socket_factory=self._socket_factory,
                )
                # Add ssl_shutdown_timeout for Python 3.11+ when SSL is used
                if (
                    kwargs.get("ssl")
                    and self._ssl_shutdown_timeout
                    and sys.version_info >= (3, 11)
                ):
                    kwargs["ssl_shutdown_timeout"] = self._ssl_shutdown_timeout
                return await self._loop.create_connection(*args, **kwargs, sock=sock)
        except cert_errors as exc:
            raise ClientConnectorCertificateError(req.connection_key, exc) from exc
        except ssl_errors as exc:
            raise ClientConnectorSSLError(req.connection_key, exc) from exc
        except OSError as exc:
            if exc.errno is None and isinstance(exc, asyncio.TimeoutError):
                raise
>           raise client_error(req.connection_key, exc) from exc
E           aiohttp.client_exceptions.ClientConnectorError: Cannot connect to host localhost:9000 ssl:default [Multiple exceptions: [Errno 61] Connect call failed ('::1', 9000, 0, 0), [Errno 61] Connect call failed ('127.0.0.1', 9000)]

../../../miniconda3/envs/activestorage-3.10/lib/python3.10/site-packages/aiohttp/connector.py:1333: ClientConnectorError

During handling of the above exception, another exception occurred:

    def test_Active():
        """
        Shows what we expect an active example test to achieve and provides "the right answer"
        Done twice: POSIX active and Reductionist; we compare results.
    
        identical to tests/test_harness.py::testActive()
    
        """
        # make dummy data
        s3_testfile, local_testfile = make_tempfile()
    
        # put s3 dummy data onto S3. then rm from local
        object = os.path.basename(s3_testfile)
>       bucket_file = upload_to_s3(S3_URL, S3_ACCESS_KEY, S3_SECRET_KEY, S3_BUCKET,
                                   object, s3_testfile)

../../../PyActiveStorage/tests/s3_exploratory/test_s3_reduction.py:64: 
_ _ _ _ _ _ _ _ _ _ _ _ _ _ _ _ _ _ _ _ _ _ _ _ _ _ _ _ _ _ _ _ _ _ _ _ _ _ _ _ 
../../../PyActiveStorage/tests/s3_exploratory/test_s3_reduction.py:42: in upload_to_s3
    s3_fs.mkdir(bucket)
../../../miniconda3/envs/activestorage-3.10/lib/python3.10/site-packages/fsspec/asyn.py:118: in wrapper
    return sync(self.loop, func, *args, **kwargs)
../../../miniconda3/envs/activestorage-3.10/lib/python3.10/site-packages/fsspec/asyn.py:103: in sync
    raise return_result
../../../miniconda3/envs/activestorage-3.10/lib/python3.10/site-packages/fsspec/asyn.py:56: in _runner
    result[0] = await coro
../../../miniconda3/envs/activestorage-3.10/lib/python3.10/site-packages/s3fs/core.py:1093: in _mkdir
    await self._call_s3("create_bucket", **params)
../../../miniconda3/envs/activestorage-3.10/lib/python3.10/site-packages/s3fs/core.py:460: in _call_s3
    return await _error_wrapper(
../../../miniconda3/envs/activestorage-3.10/lib/python3.10/site-packages/s3fs/core.py:215: in _error_wrapper
    raise err
../../../miniconda3/envs/activestorage-3.10/lib/python3.10/site-packages/s3fs/core.py:169: in _error_wrapper
    return await func(*args, **kwargs)
../../../miniconda3/envs/activestorage-3.10/lib/python3.10/site-packages/aiobotocore/context.py:36: in wrapper
    return await func(*args, **kwargs)
../../../miniconda3/envs/activestorage-3.10/lib/python3.10/site-packages/aiobotocore/client.py:418: in _make_api_call
    http, parsed_response = await self._make_request(
../../../miniconda3/envs/activestorage-3.10/lib/python3.10/site-packages/aiobotocore/client.py:444: in _make_request
    return await self._endpoint.make_request(
../../../miniconda3/envs/activestorage-3.10/lib/python3.10/site-packages/aiobotocore/endpoint.py:120: in _send_request
    while await self._needs_retry(
../../../miniconda3/envs/activestorage-3.10/lib/python3.10/site-packages/aiobotocore/endpoint.py:280: in _needs_retry
    responses = await self._event_emitter.emit(
../../../miniconda3/envs/activestorage-3.10/lib/python3.10/site-packages/aiobotocore/hooks.py:68: in _emit
    response = await resolve_awaitable(handler(**kwargs))
../../../miniconda3/envs/activestorage-3.10/lib/python3.10/site-packages/aiobotocore/_helpers.py:6: in resolve_awaitable
    return await obj
../../../miniconda3/envs/activestorage-3.10/lib/python3.10/site-packages/aiobotocore/retryhandler.py:107: in _call
    if await resolve_awaitable(self._checker(**checker_kwargs)):
../../../miniconda3/envs/activestorage-3.10/lib/python3.10/site-packages/aiobotocore/_helpers.py:6: in resolve_awaitable
    return await obj
../../../miniconda3/envs/activestorage-3.10/lib/python3.10/site-packages/aiobotocore/retryhandler.py:126: in _call
    should_retry = await self._should_retry(
../../../miniconda3/envs/activestorage-3.10/lib/python3.10/site-packages/aiobotocore/retryhandler.py:165: in _should_retry
    return await resolve_awaitable(
../../../miniconda3/envs/activestorage-3.10/lib/python3.10/site-packages/aiobotocore/_helpers.py:6: in resolve_awaitable
    return await obj
../../../miniconda3/envs/activestorage-3.10/lib/python3.10/site-packages/aiobotocore/retryhandler.py:174: in _call
    checker(attempt_number, response, caught_exception)
../../../miniconda3/envs/activestorage-3.10/lib/python3.10/site-packages/botocore/retryhandler.py:247: in __call__
    return self._check_caught_exception(
../../../miniconda3/envs/activestorage-3.10/lib/python3.10/site-packages/botocore/retryhandler.py:416: in _check_caught_exception
    raise caught_exception
../../../miniconda3/envs/activestorage-3.10/lib/python3.10/site-packages/aiobotocore/endpoint.py:201: in _do_get_response
    http_response = await self._send(request)
../../../miniconda3/envs/activestorage-3.10/lib/python3.10/site-packages/aiobotocore/endpoint.py:303: in _send
    return await self.http_session.send(request)
_ _ _ _ _ _ _ _ _ _ _ _ _ _ _ _ _ _ _ _ _ _ _ _ _ _ _ _ _ _ _ _ _ _ _ _ _ _ _ _ 

self = <aiobotocore.httpsession.AIOHTTPSession object at 0x117ed4d90>
request = <AWSPreparedRequest stream_output=False, method=PUT, url=http://localhost:9000/pyactivestorage, headers={'User-Agent':...nvocation-id': b'ac4b996a-0784-46e4-9cae-cf7226661c33', 'amz-sdk-request': b'attempt=5; max=5', 'Content-Length': '0'}>

    async def send(self, request):
        try:
            proxy_url = self._proxy_config.proxy_url_for(request.url)
            proxy_headers = self._proxy_config.proxy_headers_for(request.url)
            url = request.url
            headers = request.headers
            data = request.body
    
            if ensure_boolean(
                os.environ.get('BOTO_EXPERIMENTAL__ADD_PROXY_HOST_HEADER', '')
            ):
                # This is currently an "experimental" feature which provides
                # no guarantees of backwards compatibility. It may be subject
                # to change or removal in any patch version. Anyone opting in
                # to this feature should strictly pin botocore.
                host = urlparse(request.url).hostname
                proxy_headers['host'] = host
    
            headers_ = CIMultiDict(
                (z[0], _text(z[1], encoding='utf-8')) for z in headers.items()
            )
    
            # https://github.com/boto/botocore/issues/1255
            headers_['Accept-Encoding'] = 'identity'
    
            if isinstance(data, io.IOBase):
                data = _IOBaseWrapper(data)
    
            url = URL(url, encoded=True)
            session = await self._get_session(proxy_url)
            response = await session.request(
                request.method,
                url=url,
                chunked=self._chunked(headers_),
                headers=headers_,
                data=data,
                proxy=proxy_url,
                proxy_headers=proxy_headers,
            )
    
            # botocore converts keys to str, so make sure that they are in
            # the expected case. See detailed discussion here:
            # https://github.com/aio-libs/aiobotocore/pull/116
            # aiohttp's CIMultiDict camel cases the headers :(
            headers = {
                k.decode('utf-8').lower(): v.decode('utf-8')
                for k, v in response.raw_headers
            }
    
            http_response = aiobotocore.awsrequest.AioAWSResponse(
                str(response.url), response.status, headers, response
            )
    
            if not request.stream_output:
                # Cause the raw stream to be exhausted immediately. We do it
                # this way instead of using preload_content because
                # preload_content will never buffer chunked responses
                await http_response.content
    
            return http_response
        except ClientSSLError as e:
            raise SSLError(endpoint_url=request.url, error=e)
        except (ClientProxyConnectionError, ClientHttpProxyError) as e:
            raise ProxyConnectionError(
                proxy_url=mask_proxy_url(proxy_url), error=e
            )
        except (
            ServerDisconnectedError,
            aiohttp.ClientPayloadError,
            aiohttp.http_exceptions.BadStatusLine,
        ) as e:
            raise ConnectionClosedError(
                error=e, request=request, endpoint_url=request.url
            )
        except ServerTimeoutError as e:
            if str(e).lower().startswith('connect'):
                raise ConnectTimeoutError(endpoint_url=request.url, error=e)
            else:
                raise ReadTimeoutError(endpoint_url=request.url, error=e)
        except (
            ClientConnectorError,
            ClientConnectionError,
            socket.gaierror,
        ) as e:
>           raise EndpointConnectionError(endpoint_url=request.url, error=e)
E           botocore.exceptions.EndpointConnectionError: Could not connect to the endpoint URL: "http://localhost:9000/pyactivestorage"

../../../miniconda3/envs/activestorage-3.10/lib/python3.10/site-packages/aiobotocore/httpsession.py:284: EndpointConnectionError
----------------------------- Captured stdout call -----------------------------
S3 Test file is /var/folders/lr/x1j1k7_x0lj2lj_t7dw27t740000gp/T/tmp596mjy4l/s3_test_bizarre.nc

Created file "/var/folders/lr/x1j1k7_x0lj2lj_t7dw27t740000gp/T/tmp596mjy4l/s3_test_bizarre.nc" with a variable called "data" with shape (10, 10, 10) and chunking, compression [3, 3, 1],None

Local Test file is /var/folders/lr/x1j1k7_x0lj2lj_t7dw27t740000gp/T/tmp596mjy4l/local_test_bizarre.nc

Created file "/var/folders/lr/x1j1k7_x0lj2lj_t7dw27t740000gp/T/tmp596mjy4l/local_test_bizarre.nc" with a variable called "data" with shape (10, 10, 10) and chunking, compression [3, 3, 1],None

________________ test_activevariable_pyfive_with_attributed_min ________________
[gw0] darwin -- Python 3.10.20 /Users/dh935740@reading.ac.uk/miniconda3/envs/activestorage-3.10/bin/python3.10

    def test_activevariable_pyfive_with_attributed_min():
        uri = "tests/test_data/cesm2_native.nc"
        ncvar = "TREFHT"
>       ds = pyfive.File(uri)[ncvar]

../../../PyActiveStorage/tests/unit/test_active.py:120: 
_ _ _ _ _ _ _ _ _ _ _ _ _ _ _ _ _ _ _ _ _ _ _ _ _ _ _ _ _ _ _ _ _ _ _ _ _ _ _ _ 

self = <[AttributeError("'File' object has no attribute 'filename'") raised in repr()] File object at 0x168143700>
filename = 'tests/test_data/cesm2_native.nc', mode = 'r'
metadata_buffer_size = 1

    def __init__(
        self,
        filename: str | BinaryIO | MetadataBufferingWrapper,
        mode: str = "r",
        metadata_buffer_size: int = 1,
    ) -> None:
        """initalize."""
        if mode != "r":
            raise NotImplementedError(
                "pyfive only provides support for reading and treats all reads as binary"
            )
        self._close = False
        if hasattr(filename, "read"):
            if not hasattr(filename, "seek"):
                raise ValueError("File like object must have a seek method")
            fh = cast(BinaryIO, filename)
            self.filename = getattr(filename, "name", "None")
        else:
>           fh = open(filename, "rb")
E           FileNotFoundError: [Errno 2] No such file or directory: 'tests/test_data/cesm2_native.nc'

../../../miniconda3/envs/activestorage-3.10/lib/python3.10/site-packages/pyfive/high_level.py:274: FileNotFoundError
_______________ test_activevariable_pyfive_with_attributed_mean ________________
[gw0] darwin -- Python 3.10.20 /Users/dh935740@reading.ac.uk/miniconda3/envs/activestorage-3.10/bin/python3.10

    def test_activevariable_pyfive_with_attributed_mean():
        uri = "tests/test_data/cesm2_native.nc"
        ncvar = "TREFHT"
>       ds = pyfive.File(uri)[ncvar]

../../../PyActiveStorage/tests/unit/test_active.py:132: 
_ _ _ _ _ _ _ _ _ _ _ _ _ _ _ _ _ _ _ _ _ _ _ _ _ _ _ _ _ _ _ _ _ _ _ _ _ _ _ _ 

self = <[AttributeError("'File' object has no attribute 'filename'") raised in repr()] File object at 0x137cd3310>
filename = 'tests/test_data/cesm2_native.nc', mode = 'r'
metadata_buffer_size = 1

    def __init__(
        self,
        filename: str | BinaryIO | MetadataBufferingWrapper,
        mode: str = "r",
        metadata_buffer_size: int = 1,
    ) -> None:
        """initalize."""
        if mode != "r":
            raise NotImplementedError(
                "pyfive only provides support for reading and treats all reads as binary"
            )
        self._close = False
        if hasattr(filename, "read"):
            if not hasattr(filename, "seek"):
                raise ValueError("File like object must have a seek method")
            fh = cast(BinaryIO, filename)
            self.filename = getattr(filename, "name", "None")
        else:
>           fh = open(filename, "rb")
E           FileNotFoundError: [Errno 2] No such file or directory: 'tests/test_data/cesm2_native.nc'

../../../miniconda3/envs/activestorage-3.10/lib/python3.10/site-packages/pyfive/high_level.py:274: FileNotFoundError
____________________________ test_s3file_with_s3fs _____________________________
[gw0] darwin -- Python 3.10.20 /Users/dh935740@reading.ac.uk/miniconda3/envs/activestorage-3.10/bin/python3.10

s3fs_s3 = <s3fs.core.S3FileSystem object at 0x168021f90>

    def test_s3file_with_s3fs(s3fs_s3):
        """
        This test spoofs a complete s3fs FileSystem via s3fs_s3,
        creates a mock bucket inside it, then puts a REAL netCDF4 file in it,
        then it loads it as if it was an S3 file. This is proper
        Wild Weasel stuff right here.
        """
        # set up physical file and Path properties
        ncfile = "./tests/test_data/daily_data.nc"
        file_path = pathlib.Path(ncfile)
        file_name = pathlib.Path(ncfile).name
    
        # use mocked s3fs
        bucket = "MY_BUCKET"
        s3fs_s3.mkdir(bucket)
>       s3fs_s3.put(file_path, bucket)

../../../PyActiveStorage/tests/unit/test_mock_s3.py:138: 
_ _ _ _ _ _ _ _ _ _ _ _ _ _ _ _ _ _ _ _ _ _ _ _ _ _ _ _ _ _ _ _ _ _ _ _ _ _ _ _ 
../../../miniconda3/envs/activestorage-3.10/lib/python3.10/site-packages/fsspec/asyn.py:118: in wrapper
    return sync(self.loop, func, *args, **kwargs)
../../../miniconda3/envs/activestorage-3.10/lib/python3.10/site-packages/fsspec/asyn.py:103: in sync
    raise return_result
../../../miniconda3/envs/activestorage-3.10/lib/python3.10/site-packages/fsspec/asyn.py:56: in _runner
    result[0] = await coro
../../../miniconda3/envs/activestorage-3.10/lib/python3.10/site-packages/fsspec/asyn.py:597: in _put
    return await _run_coros_in_chunks(
../../../miniconda3/envs/activestorage-3.10/lib/python3.10/site-packages/fsspec/asyn.py:267: in _run_coros_in_chunks
    result, k = await done.pop()
../../../miniconda3/envs/activestorage-3.10/lib/python3.10/site-packages/fsspec/asyn.py:244: in _run_coro
    return await asyncio.wait_for(coro, timeout=timeout), i
../../../miniconda3/envs/activestorage-3.10/lib/python3.10/asyncio/tasks.py:408: in wait_for
    return await fut
../../../miniconda3/envs/activestorage-3.10/lib/python3.10/site-packages/fsspec/callbacks.py:81: in func
    return await fn(path1, path2, callback=child, **kwargs)
../../../miniconda3/envs/activestorage-3.10/lib/python3.10/site-packages/s3fs/core.py:1463: in _put_file
    size = os.path.getsize(lpath)
_ _ _ _ _ _ _ _ _ _ _ _ _ _ _ _ _ _ _ _ _ _ _ _ _ _ _ _ _ _ _ _ _ _ _ _ _ _ _ _ 

filename = '/Users/dh935740@reading.ac.uk/testing_PyActiveStorage/tests_Varsiha/GHA-emulator/tests/test_data/daily_data.nc'

    def getsize(filename):
        """Return the size of a file, reported by os.stat()."""
>       return os.stat(filename).st_size
E       FileNotFoundError: [Errno 2] No such file or directory: '/Users/dh935740@reading.ac.uk/testing_PyActiveStorage/tests_Varsiha/GHA-emulator/tests/test_data/daily_data.nc'

../../../miniconda3/envs/activestorage-3.10/lib/python3.10/genericpath.py:50: FileNotFoundError
------------------------------ Captured log setup ------------------------------
INFO     werkzeug:_internal.py:97 127.0.0.1 - - [30/Apr/2026 15:14:32] "PUT /test HTTP/1.1" 200 -
INFO     werkzeug:_internal.py:97 127.0.0.1 - - [30/Apr/2026 15:14:32] "PUT /test-versioned HTTP/1.1" 200 -
INFO     werkzeug:_internal.py:97 127.0.0.1 - - [30/Apr/2026 15:14:32] "PUT /test-versioned?versioning HTTP/1.1" 200 -
INFO     werkzeug:_internal.py:97 127.0.0.1 - - [30/Apr/2026 15:14:32] "PUT /test-secure HTTP/1.1" 200 -
INFO     werkzeug:_internal.py:97 127.0.0.1 - - [30/Apr/2026 15:14:32] "PUT /test-secure?policy HTTP/1.1" 200 -
------------------------------ Captured log call -------------------------------
INFO     werkzeug:_internal.py:97 127.0.0.1 - - [30/Apr/2026 15:14:32] "[33mHEAD /MY_BUCKET HTTP/1.1[0m" 404 -
INFO     werkzeug:_internal.py:97 127.0.0.1 - - [30/Apr/2026 15:14:32] "[33mGET /MY_BUCKET?location HTTP/1.1[0m" 404 -
INFO     werkzeug:_internal.py:97 127.0.0.1 - - [30/Apr/2026 15:14:32] "PUT /MY_BUCKET HTTP/1.1" 200 -
INFO     werkzeug:_internal.py:97 127.0.0.1 - - [30/Apr/2026 15:14:32] "GET /MY_BUCKET?list-type=2&prefix=&delimiter=/&encoding-type=url HTTP/1.1" 200 -
--------------------------- Captured stdout teardown ---------------------------
moto done
______________________________ test_reduce_chunk _______________________________
[gw0] darwin -- Python 3.10.20 /Users/dh935740@reading.ac.uk/miniconda3/envs/activestorage-3.10/bin/python3.10

self = <fsspec.implementations.http.HTTPFileSystem object at 0x137e9e5f0>
url = 'tests/test_data/cesm2_native.nc', kwargs = {}, info = {}
session = <aiohttp.client.ClientSession object at 0x137e9dba0>, policy = 'get'

    async def _info(self, url, **kwargs):
        """Get info of URL
    
        Tries to access location via HEAD, and then GET methods, but does
        not fetch the data.
    
        It is possible that the server does not supply any size information, in
        which case size will be given as None (and certain operations on the
        corresponding file will not work).
        """
        info = {}
        session = await self.set_session()
    
        for policy in ["head", "get"]:
            try:
                info.update(
>                   await _file_info(
                        self.encode_url(url),
                        size_policy=policy,
                        session=session,
                        **self.kwargs,
                        **kwargs,
                    )
                )

../../../miniconda3/envs/activestorage-3.10/lib/python3.10/site-packages/fsspec/implementations/http.py:444: 
_ _ _ _ _ _ _ _ _ _ _ _ _ _ _ _ _ _ _ _ _ _ _ _ _ _ _ _ _ _ _ _ _ _ _ _ _ _ _ _ 
../../../miniconda3/envs/activestorage-3.10/lib/python3.10/site-packages/fsspec/implementations/http.py:856: in _file_info
    r = await session.get(url, allow_redirects=ar, **kwargs)
_ _ _ _ _ _ _ _ _ _ _ _ _ _ _ _ _ _ _ _ _ _ _ _ _ _ _ _ _ _ _ _ _ _ _ _ _ _ _ _ 

self = <aiohttp.client.ClientSession object at 0x137e9dba0>, method = 'GET'
str_or_url = URL('tests/test_data/cesm2_native.nc')

    async def _request(
        self,
        method: str,
        str_or_url: StrOrURL,
        *,
        params: Query = None,
        data: Any = None,
        json: Any = None,
        cookies: Optional[LooseCookies] = None,
        headers: Optional[LooseHeaders] = None,
        skip_auto_headers: Optional[Iterable[str]] = None,
        auth: Optional[BasicAuth] = None,
        allow_redirects: bool = True,
        max_redirects: int = 10,
        compress: Union[str, bool, None] = None,
        chunked: Optional[bool] = None,
        expect100: bool = False,
        raise_for_status: Union[
            None, bool, Callable[[ClientResponse], Awaitable[None]]
        ] = None,
        read_until_eof: bool = True,
        proxy: Optional[StrOrURL] = None,
        proxy_auth: Optional[BasicAuth] = None,
        timeout: Union[ClientTimeout, _SENTINEL] = sentinel,
        verify_ssl: Optional[bool] = None,
        fingerprint: Optional[bytes] = None,
        ssl_context: Optional[SSLContext] = None,
        ssl: Union[SSLContext, bool, Fingerprint] = True,
        server_hostname: Optional[str] = None,
        proxy_headers: Optional[LooseHeaders] = None,
        trace_request_ctx: Optional[Mapping[str, Any]] = None,
        read_bufsize: Optional[int] = None,
        auto_decompress: Optional[bool] = None,
        max_line_size: Optional[int] = None,
        max_field_size: Optional[int] = None,
        max_headers: Optional[int] = None,
        middlewares: Optional[Sequence[ClientMiddlewareType]] = None,
    ) -> ClientResponse:
    
        # NOTE: timeout clamps existing connect and read timeouts.  We cannot
        # set the default to None because we need to detect if the user wants
        # to use the existing timeouts by setting timeout to None.
    
        if self.closed:
            raise RuntimeError("Session is closed")
    
        ssl = _merge_ssl_params(ssl, verify_ssl, ssl_context, fingerprint)
    
        if data is not None and json is not None:
            raise ValueError(
                "data and json parameters can not be used at the same time"
            )
        elif json is not None:
            data = payload.JsonPayload(json, dumps=self._json_serialize)
    
        if not isinstance(chunked, bool) and chunked is not None:
            warnings.warn("Chunk size is deprecated #1615", DeprecationWarning)
    
        redirects = 0
        history: List[ClientResponse] = []
        version = self._version
        params = params or {}
    
        # Merge with default headers and transform to CIMultiDict
        headers = self._prepare_headers(headers)
    
        try:
            url = self._build_url(str_or_url)
        except ValueError as e:
            raise InvalidUrlClientError(str_or_url) from e
    
        assert self._connector is not None
        if url.scheme not in self._connector.allowed_protocol_schema_set:
            raise NonHttpUrlClientError(url)
    
        skip_headers: Optional[Iterable[istr]]
        if skip_auto_headers is not None:
            skip_headers = {
                istr(i) for i in skip_auto_headers
            } | self._skip_auto_headers
        elif self._skip_auto_headers:
            skip_headers = self._skip_auto_headers
        else:
            skip_headers = None
    
        if proxy is None:
            proxy = self._default_proxy
        if proxy_auth is None:
            proxy_auth = self._default_proxy_auth
    
        if proxy is None:
            proxy_headers = None
        else:
            proxy_headers = self._prepare_headers(proxy_headers)
            try:
                proxy = URL(proxy)
            except ValueError as e:
                raise InvalidURL(proxy) from e
    
        if timeout is sentinel:
            real_timeout: ClientTimeout = self._timeout
        else:
            if not isinstance(timeout, ClientTimeout):
                real_timeout = ClientTimeout(total=timeout)
            else:
                real_timeout = timeout
        # timeout is cumulative for all request operations
        # (request, redirects, responses, data consuming)
        tm = TimeoutHandle(
            self._loop, real_timeout.total, ceil_threshold=real_timeout.ceil_threshold
        )
        handle = tm.start()
    
        if read_bufsize is None:
            read_bufsize = self._read_bufsize
    
        if auto_decompress is None:
            auto_decompress = self._auto_decompress
    
        if max_line_size is None:
            max_line_size = self._max_line_size
    
        if max_field_size is None:
            max_field_size = self._max_field_size
    
        if max_headers is None:
            max_headers = self._max_headers
    
        traces = [
            Trace(
                self,
                trace_config,
                trace_config.trace_config_ctx(trace_request_ctx=trace_request_ctx),
            )
            for trace_config in self._trace_configs
        ]
    
        for trace in traces:
            await trace.send_request_start(method, url.update_query(params), headers)
    
        timer = tm.timer()
        try:
            with timer:
                # https://www.rfc-editor.org/rfc/rfc9112.html#name-retrying-requests
                retry_persistent_connection = (
                    self._retry_connection and method in IDEMPOTENT_METHODS
                )
                while True:
                    url, auth_from_url = strip_auth_from_url(url)
                    if not url.raw_host:
                        # NOTE: Bail early, otherwise, causes `InvalidURL` through
                        # NOTE: `self._request_class()` below.
                        err_exc_cls = (
                            InvalidUrlRedirectClientError
                            if redirects
                            else InvalidUrlClientError
                        )
>                       raise err_exc_cls(url)
E                       aiohttp.client_exceptions.InvalidUrlClientError: tests/test_data/cesm2_native.nc

../../../miniconda3/envs/activestorage-3.10/lib/python3.10/site-packages/aiohttp/client.py:647: InvalidUrlClientError

The above exception was the direct cause of the following exception:

    def test_reduce_chunk():
        """Test reduce chunk entirely."""
        rfile = "tests/test_data/cesm2_native.nc"
        offset = 2
        size = 128
    
        # no compression
>       rc = st.reduce_chunk(rfile,
                             offset,
                             size,
                             compression=None,
                             filters=None,
                             missing=[None, 2050, None, None],
                             dtype="i2",
                             shape=(8, 8),
                             order="C",
                             chunk_selection=slice(0, 2, 1),
                             axis=(0, 1),
                             method=np.min)

../../../PyActiveStorage/tests/unit/test_storage.py:77: 
_ _ _ _ _ _ _ _ _ _ _ _ _ _ _ _ _ _ _ _ _ _ _ _ _ _ _ _ _ _ _ _ _ _ _ _ _ _ _ _ 
../../../miniconda3/envs/activestorage-3.10/lib/python3.10/site-packages/activestorage/storage.py:65: in reduce_chunk
    with fs.open(rfile, 'rb') as open_file:
../../../miniconda3/envs/activestorage-3.10/lib/python3.10/site-packages/fsspec/spec.py:1352: in open
    f = self._open(
../../../miniconda3/envs/activestorage-3.10/lib/python3.10/site-packages/fsspec/implementations/http.py:383: in _open
    size = size or info.update(self.info(path, **kwargs)) or info["size"]
../../../miniconda3/envs/activestorage-3.10/lib/python3.10/site-packages/fsspec/asyn.py:118: in wrapper
    return sync(self.loop, func, *args, **kwargs)
../../../miniconda3/envs/activestorage-3.10/lib/python3.10/site-packages/fsspec/asyn.py:103: in sync
    raise return_result
../../../miniconda3/envs/activestorage-3.10/lib/python3.10/site-packages/fsspec/asyn.py:56: in _runner
    result[0] = await coro
_ _ _ _ _ _ _ _ _ _ _ _ _ _ _ _ _ _ _ _ _ _ _ _ _ _ _ _ _ _ _ _ _ _ _ _ _ _ _ _ 

self = <fsspec.implementations.http.HTTPFileSystem object at 0x137e9e5f0>
url = 'tests/test_data/cesm2_native.nc', kwargs = {}, info = {}
session = <aiohttp.client.ClientSession object at 0x137e9dba0>, policy = 'get'

    async def _info(self, url, **kwargs):
        """Get info of URL
    
        Tries to access location via HEAD, and then GET methods, but does
        not fetch the data.
    
        It is possible that the server does not supply any size information, in
        which case size will be given as None (and certain operations on the
        corresponding file will not work).
        """
        info = {}
        session = await self.set_session()
    
        for policy in ["head", "get"]:
            try:
                info.update(
                    await _file_info(
                        self.encode_url(url),
                        size_policy=policy,
                        session=session,
                        **self.kwargs,
                        **kwargs,
                    )
                )
                if info.get("size") is not None:
                    break
            except Exception as exc:
                if policy == "get":
                    # If get failed, then raise a FileNotFoundError
>                   raise FileNotFoundError(url) from exc
E                   FileNotFoundError: tests/test_data/cesm2_native.nc

../../../miniconda3/envs/activestorage-3.10/lib/python3.10/site-packages/fsspec/implementations/http.py:457: FileNotFoundError
----------------------------- Captured stdout call -----------------------------
Reducing chunk of object <class 'str'>
________________________ test_reduced_chunk_masked_data ________________________
[gw0] darwin -- Python 3.10.20 /Users/dh935740@reading.ac.uk/miniconda3/envs/activestorage-3.10/bin/python3.10

self = <fsspec.implementations.http.HTTPFileSystem object at 0x137e9e5f0>
url = 'tests/test_data/daily_data_masked.nc', kwargs = {}, info = {}
session = <aiohttp.client.ClientSession object at 0x137e9dba0>, policy = 'get'

    async def _info(self, url, **kwargs):
        """Get info of URL
    
        Tries to access location via HEAD, and then GET methods, but does
        not fetch the data.
    
        It is possible that the server does not supply any size information, in
        which case size will be given as None (and certain operations on the
        corresponding file will not work).
        """
        info = {}
        session = await self.set_session()
    
        for policy in ["head", "get"]:
            try:
                info.update(
>                   await _file_info(
                        self.encode_url(url),
                        size_policy=policy,
                        session=session,
                        **self.kwargs,
                        **kwargs,
                    )
                )

../../../miniconda3/envs/activestorage-3.10/lib/python3.10/site-packages/fsspec/implementations/http.py:444: 
_ _ _ _ _ _ _ _ _ _ _ _ _ _ _ _ _ _ _ _ _ _ _ _ _ _ _ _ _ _ _ _ _ _ _ _ _ _ _ _ 
../../../miniconda3/envs/activestorage-3.10/lib/python3.10/site-packages/fsspec/implementations/http.py:856: in _file_info
    r = await session.get(url, allow_redirects=ar, **kwargs)
_ _ _ _ _ _ _ _ _ _ _ _ _ _ _ _ _ _ _ _ _ _ _ _ _ _ _ _ _ _ _ _ _ _ _ _ _ _ _ _ 

self = <aiohttp.client.ClientSession object at 0x137e9dba0>, method = 'GET'
str_or_url = URL('tests/test_data/daily_data_masked.nc')

    async def _request(
        self,
        method: str,
        str_or_url: StrOrURL,
        *,
        params: Query = None,
        data: Any = None,
        json: Any = None,
        cookies: Optional[LooseCookies] = None,
        headers: Optional[LooseHeaders] = None,
        skip_auto_headers: Optional[Iterable[str]] = None,
        auth: Optional[BasicAuth] = None,
        allow_redirects: bool = True,
        max_redirects: int = 10,
        compress: Union[str, bool, None] = None,
        chunked: Optional[bool] = None,
        expect100: bool = False,
        raise_for_status: Union[
            None, bool, Callable[[ClientResponse], Awaitable[None]]
        ] = None,
        read_until_eof: bool = True,
        proxy: Optional[StrOrURL] = None,
        proxy_auth: Optional[BasicAuth] = None,
        timeout: Union[ClientTimeout, _SENTINEL] = sentinel,
        verify_ssl: Optional[bool] = None,
        fingerprint: Optional[bytes] = None,
        ssl_context: Optional[SSLContext] = None,
        ssl: Union[SSLContext, bool, Fingerprint] = True,
        server_hostname: Optional[str] = None,
        proxy_headers: Optional[LooseHeaders] = None,
        trace_request_ctx: Optional[Mapping[str, Any]] = None,
        read_bufsize: Optional[int] = None,
        auto_decompress: Optional[bool] = None,
        max_line_size: Optional[int] = None,
        max_field_size: Optional[int] = None,
        max_headers: Optional[int] = None,
        middlewares: Optional[Sequence[ClientMiddlewareType]] = None,
    ) -> ClientResponse:
    
        # NOTE: timeout clamps existing connect and read timeouts.  We cannot
        # set the default to None because we need to detect if the user wants
        # to use the existing timeouts by setting timeout to None.
    
        if self.closed:
            raise RuntimeError("Session is closed")
    
        ssl = _merge_ssl_params(ssl, verify_ssl, ssl_context, fingerprint)
    
        if data is not None and json is not None:
            raise ValueError(
                "data and json parameters can not be used at the same time"
            )
        elif json is not None:
            data = payload.JsonPayload(json, dumps=self._json_serialize)
    
        if not isinstance(chunked, bool) and chunked is not None:
            warnings.warn("Chunk size is deprecated #1615", DeprecationWarning)
    
        redirects = 0
        history: List[ClientResponse] = []
        version = self._version
        params = params or {}
    
        # Merge with default headers and transform to CIMultiDict
        headers = self._prepare_headers(headers)
    
        try:
            url = self._build_url(str_or_url)
        except ValueError as e:
            raise InvalidUrlClientError(str_or_url) from e
    
        assert self._connector is not None
        if url.scheme not in self._connector.allowed_protocol_schema_set:
            raise NonHttpUrlClientError(url)
    
        skip_headers: Optional[Iterable[istr]]
        if skip_auto_headers is not None:
            skip_headers = {
                istr(i) for i in skip_auto_headers
            } | self._skip_auto_headers
        elif self._skip_auto_headers:
            skip_headers = self._skip_auto_headers
        else:
            skip_headers = None
    
        if proxy is None:
            proxy = self._default_proxy
        if proxy_auth is None:
            proxy_auth = self._default_proxy_auth
    
        if proxy is None:
            proxy_headers = None
        else:
            proxy_headers = self._prepare_headers(proxy_headers)
            try:
                proxy = URL(proxy)
            except ValueError as e:
                raise InvalidURL(proxy) from e
    
        if timeout is sentinel:
            real_timeout: ClientTimeout = self._timeout
        else:
            if not isinstance(timeout, ClientTimeout):
                real_timeout = ClientTimeout(total=timeout)
            else:
                real_timeout = timeout
        # timeout is cumulative for all request operations
        # (request, redirects, responses, data consuming)
        tm = TimeoutHandle(
            self._loop, real_timeout.total, ceil_threshold=real_timeout.ceil_threshold
        )
        handle = tm.start()
    
        if read_bufsize is None:
            read_bufsize = self._read_bufsize
    
        if auto_decompress is None:
            auto_decompress = self._auto_decompress
    
        if max_line_size is None:
            max_line_size = self._max_line_size
    
        if max_field_size is None:
            max_field_size = self._max_field_size
    
        if max_headers is None:
            max_headers = self._max_headers
    
        traces = [
            Trace(
                self,
                trace_config,
                trace_config.trace_config_ctx(trace_request_ctx=trace_request_ctx),
            )
            for trace_config in self._trace_configs
        ]
    
        for trace in traces:
            await trace.send_request_start(method, url.update_query(params), headers)
    
        timer = tm.timer()
        try:
            with timer:
                # https://www.rfc-editor.org/rfc/rfc9112.html#name-retrying-requests
                retry_persistent_connection = (
                    self._retry_connection and method in IDEMPOTENT_METHODS
                )
                while True:
                    url, auth_from_url = strip_auth_from_url(url)
                    if not url.raw_host:
                        # NOTE: Bail early, otherwise, causes `InvalidURL` through
                        # NOTE: `self._request_class()` below.
                        err_exc_cls = (
                            InvalidUrlRedirectClientError
                            if redirects
                            else InvalidUrlClientError
                        )
>                       raise err_exc_cls(url)
E                       aiohttp.client_exceptions.InvalidUrlClientError: tests/test_data/daily_data_masked.nc

../../../miniconda3/envs/activestorage-3.10/lib/python3.10/site-packages/aiohttp/client.py:647: InvalidUrlClientError

The above exception was the direct cause of the following exception:

    def test_reduced_chunk_masked_data():
        """Test method with masked data."""
        rfile = "tests/test_data/daily_data_masked.nc"
        offset = 6911
        size = 2976
    
        # no compression
        ch_sel = (slice(0, 62, 1), slice(0, 2, 1), slice(0, 3, 1), slice(0, 2, 1))
    
>       r, c = st.reduce_chunk(rfile,
                               offset,
                               size,
                               compression=None,
                               filters=None,
                               missing=(None, 999.0, None, None),
                               dtype="float32",
                               shape=(62, 2, 3, 2),
                               order="C",
                               chunk_selection=ch_sel,
                               axis=(0, 1, 2, 3),
                               method=np.mean)

../../../PyActiveStorage/tests/unit/test_storage.py:102: 
_ _ _ _ _ _ _ _ _ _ _ _ _ _ _ _ _ _ _ _ _ _ _ _ _ _ _ _ _ _ _ _ _ _ _ _ _ _ _ _ 
../../../miniconda3/envs/activestorage-3.10/lib/python3.10/site-packages/activestorage/storage.py:65: in reduce_chunk
    with fs.open(rfile, 'rb') as open_file:
../../../miniconda3/envs/activestorage-3.10/lib/python3.10/site-packages/fsspec/spec.py:1352: in open
    f = self._open(
../../../miniconda3/envs/activestorage-3.10/lib/python3.10/site-packages/fsspec/implementations/http.py:383: in _open
    size = size or info.update(self.info(path, **kwargs)) or info["size"]
../../../miniconda3/envs/activestorage-3.10/lib/python3.10/site-packages/fsspec/asyn.py:118: in wrapper
    return sync(self.loop, func, *args, **kwargs)
../../../miniconda3/envs/activestorage-3.10/lib/python3.10/site-packages/fsspec/asyn.py:103: in sync
    raise return_result
../../../miniconda3/envs/activestorage-3.10/lib/python3.10/site-packages/fsspec/asyn.py:56: in _runner
    result[0] = await coro
_ _ _ _ _ _ _ _ _ _ _ _ _ _ _ _ _ _ _ _ _ _ _ _ _ _ _ _ _ _ _ _ _ _ _ _ _ _ _ _ 

self = <fsspec.implementations.http.HTTPFileSystem object at 0x137e9e5f0>
url = 'tests/test_data/daily_data_masked.nc', kwargs = {}, info = {}
session = <aiohttp.client.ClientSession object at 0x137e9dba0>, policy = 'get'

    async def _info(self, url, **kwargs):
        """Get info of URL
    
        Tries to access location via HEAD, and then GET methods, but does
        not fetch the data.
    
        It is possible that the server does not supply any size information, in
        which case size will be given as None (and certain operations on the
        corresponding file will not work).
        """
        info = {}
        session = await self.set_session()
    
        for policy in ["head", "get"]:
            try:
                info.update(
                    await _file_info(
                        self.encode_url(url),
                        size_policy=policy,
                        session=session,
                        **self.kwargs,
                        **kwargs,
                    )
                )
                if info.get("size") is not None:
                    break
            except Exception as exc:
                if policy == "get":
                    # If get failed, then raise a FileNotFoundError
>                   raise FileNotFoundError(url) from exc
E                   FileNotFoundError: tests/test_data/daily_data_masked.nc

../../../miniconda3/envs/activestorage-3.10/lib/python3.10/site-packages/fsspec/implementations/http.py:457: FileNotFoundError
----------------------------- Captured stdout call -----------------------------
Reducing chunk of object <class 'str'>
__________________ test_reduced_chunk_fully_masked_data_fill ___________________
[gw0] darwin -- Python 3.10.20 /Users/dh935740@reading.ac.uk/miniconda3/envs/activestorage-3.10/bin/python3.10

self = <fsspec.implementations.http.HTTPFileSystem object at 0x137e9e5f0>
url = 'tests/test_data/daily_data_fullmask.nc', kwargs = {}, info = {}
session = <aiohttp.client.ClientSession object at 0x137e9dba0>, policy = 'get'

    async def _info(self, url, **kwargs):
        """Get info of URL
    
        Tries to access location via HEAD, and then GET methods, but does
        not fetch the data.
    
        It is possible that the server does not supply any size information, in
        which case size will be given as None (and certain operations on the
        corresponding file will not work).
        """
        info = {}
        session = await self.set_session()
    
        for policy in ["head", "get"]:
            try:
                info.update(
>                   await _file_info(
                        self.encode_url(url),
                        size_policy=policy,
                        session=session,
                        **self.kwargs,
                        **kwargs,
                    )
                )

../../../miniconda3/envs/activestorage-3.10/lib/python3.10/site-packages/fsspec/implementations/http.py:444: 
_ _ _ _ _ _ _ _ _ _ _ _ _ _ _ _ _ _ _ _ _ _ _ _ _ _ _ _ _ _ _ _ _ _ _ _ _ _ _ _ 
../../../miniconda3/envs/activestorage-3.10/lib/python3.10/site-packages/fsspec/implementations/http.py:856: in _file_info
    r = await session.get(url, allow_redirects=ar, **kwargs)
_ _ _ _ _ _ _ _ _ _ _ _ _ _ _ _ _ _ _ _ _ _ _ _ _ _ _ _ _ _ _ _ _ _ _ _ _ _ _ _ 

self = <aiohttp.client.ClientSession object at 0x137e9dba0>, method = 'GET'
str_or_url = URL('tests/test_data/daily_data_fullmask.nc')

    async def _request(
        self,
        method: str,
        str_or_url: StrOrURL,
        *,
        params: Query = None,
        data: Any = None,
        json: Any = None,
        cookies: Optional[LooseCookies] = None,
        headers: Optional[LooseHeaders] = None,
        skip_auto_headers: Optional[Iterable[str]] = None,
        auth: Optional[BasicAuth] = None,
        allow_redirects: bool = True,
        max_redirects: int = 10,
        compress: Union[str, bool, None] = None,
        chunked: Optional[bool] = None,
        expect100: bool = False,
        raise_for_status: Union[
            None, bool, Callable[[ClientResponse], Awaitable[None]]
        ] = None,
        read_until_eof: bool = True,
        proxy: Optional[StrOrURL] = None,
        proxy_auth: Optional[BasicAuth] = None,
        timeout: Union[ClientTimeout, _SENTINEL] = sentinel,
        verify_ssl: Optional[bool] = None,
        fingerprint: Optional[bytes] = None,
        ssl_context: Optional[SSLContext] = None,
        ssl: Union[SSLContext, bool, Fingerprint] = True,
        server_hostname: Optional[str] = None,
        proxy_headers: Optional[LooseHeaders] = None,
        trace_request_ctx: Optional[Mapping[str, Any]] = None,
        read_bufsize: Optional[int] = None,
        auto_decompress: Optional[bool] = None,
        max_line_size: Optional[int] = None,
        max_field_size: Optional[int] = None,
        max_headers: Optional[int] = None,
        middlewares: Optional[Sequence[ClientMiddlewareType]] = None,
    ) -> ClientResponse:
    
        # NOTE: timeout clamps existing connect and read timeouts.  We cannot
        # set the default to None because we need to detect if the user wants
        # to use the existing timeouts by setting timeout to None.
    
        if self.closed:
            raise RuntimeError("Session is closed")
    
        ssl = _merge_ssl_params(ssl, verify_ssl, ssl_context, fingerprint)
    
        if data is not None and json is not None:
            raise ValueError(
                "data and json parameters can not be used at the same time"
            )
        elif json is not None:
            data = payload.JsonPayload(json, dumps=self._json_serialize)
    
        if not isinstance(chunked, bool) and chunked is not None:
            warnings.warn("Chunk size is deprecated #1615", DeprecationWarning)
    
        redirects = 0
        history: List[ClientResponse] = []
        version = self._version
        params = params or {}
    
        # Merge with default headers and transform to CIMultiDict
        headers = self._prepare_headers(headers)
    
        try:
            url = self._build_url(str_or_url)
        except ValueError as e:
            raise InvalidUrlClientError(str_or_url) from e
    
        assert self._connector is not None
        if url.scheme not in self._connector.allowed_protocol_schema_set:
            raise NonHttpUrlClientError(url)
    
        skip_headers: Optional[Iterable[istr]]
        if skip_auto_headers is not None:
            skip_headers = {
                istr(i) for i in skip_auto_headers
            } | self._skip_auto_headers
        elif self._skip_auto_headers:
            skip_headers = self._skip_auto_headers
        else:
            skip_headers = None
    
        if proxy is None:
            proxy = self._default_proxy
        if proxy_auth is None:
            proxy_auth = self._default_proxy_auth
    
        if proxy is None:
            proxy_headers = None
        else:
            proxy_headers = self._prepare_headers(proxy_headers)
            try:
                proxy = URL(proxy)
            except ValueError as e:
                raise InvalidURL(proxy) from e
    
        if timeout is sentinel:
            real_timeout: ClientTimeout = self._timeout
        else:
            if not isinstance(timeout, ClientTimeout):
                real_timeout = ClientTimeout(total=timeout)
            else:
                real_timeout = timeout
        # timeout is cumulative for all request operations
        # (request, redirects, responses, data consuming)
        tm = TimeoutHandle(
            self._loop, real_timeout.total, ceil_threshold=real_timeout.ceil_threshold
        )
        handle = tm.start()
    
        if read_bufsize is None:
            read_bufsize = self._read_bufsize
    
        if auto_decompress is None:
            auto_decompress = self._auto_decompress
    
        if max_line_size is None:
            max_line_size = self._max_line_size
    
        if max_field_size is None:
            max_field_size = self._max_field_size
    
        if max_headers is None:
            max_headers = self._max_headers
    
        traces = [
            Trace(
                self,
                trace_config,
                trace_config.trace_config_ctx(trace_request_ctx=trace_request_ctx),
            )
            for trace_config in self._trace_configs
        ]
    
        for trace in traces:
            await trace.send_request_start(method, url.update_query(params), headers)
    
        timer = tm.timer()
        try:
            with timer:
                # https://www.rfc-editor.org/rfc/rfc9112.html#name-retrying-requests
                retry_persistent_connection = (
                    self._retry_connection and method in IDEMPOTENT_METHODS
                )
                while True:
                    url, auth_from_url = strip_auth_from_url(url)
                    if not url.raw_host:
                        # NOTE: Bail early, otherwise, causes `InvalidURL` through
                        # NOTE: `self._request_class()` below.
                        err_exc_cls = (
                            InvalidUrlRedirectClientError
                            if redirects
                            else InvalidUrlClientError
                        )
>                       raise err_exc_cls(url)
E                       aiohttp.client_exceptions.InvalidUrlClientError: tests/test_data/daily_data_fullmask.nc

../../../miniconda3/envs/activestorage-3.10/lib/python3.10/site-packages/aiohttp/client.py:647: InvalidUrlClientError

The above exception was the direct cause of the following exception:

    def test_reduced_chunk_fully_masked_data_fill():
        """Test method with masked data."""
        rfile = "tests/test_data/daily_data_fullmask.nc"
        offset = 6911
        size = 2976
    
        # no compression
        ch_sel = (slice(0, 62, 1), slice(0, 2, 1), slice(0, 3, 1), slice(0, 2, 1))
    
>       rc = st.reduce_chunk(rfile,
                             offset,
                             size,
                             compression=None,
                             filters=None,
                             missing=(None, 999.0, None, None),
                             dtype="float32",
                             shape=(62, 2, 3, 2),
                             order="C",
                             chunk_selection=ch_sel,
                             axis=(0, 1, 2, 3),
                             method=np.mean)

../../../PyActiveStorage/tests/unit/test_storage.py:131: 
_ _ _ _ _ _ _ _ _ _ _ _ _ _ _ _ _ _ _ _ _ _ _ _ _ _ _ _ _ _ _ _ _ _ _ _ _ _ _ _ 
../../../miniconda3/envs/activestorage-3.10/lib/python3.10/site-packages/activestorage/storage.py:65: in reduce_chunk
    with fs.open(rfile, 'rb') as open_file:
../../../miniconda3/envs/activestorage-3.10/lib/python3.10/site-packages/fsspec/spec.py:1352: in open
    f = self._open(
../../../miniconda3/envs/activestorage-3.10/lib/python3.10/site-packages/fsspec/implementations/http.py:383: in _open
    size = size or info.update(self.info(path, **kwargs)) or info["size"]
../../../miniconda3/envs/activestorage-3.10/lib/python3.10/site-packages/fsspec/asyn.py:118: in wrapper
    return sync(self.loop, func, *args, **kwargs)
../../../miniconda3/envs/activestorage-3.10/lib/python3.10/site-packages/fsspec/asyn.py:103: in sync
    raise return_result
../../../miniconda3/envs/activestorage-3.10/lib/python3.10/site-packages/fsspec/asyn.py:56: in _runner
    result[0] = await coro
_ _ _ _ _ _ _ _ _ _ _ _ _ _ _ _ _ _ _ _ _ _ _ _ _ _ _ _ _ _ _ _ _ _ _ _ _ _ _ _ 

self = <fsspec.implementations.http.HTTPFileSystem object at 0x137e9e5f0>
url = 'tests/test_data/daily_data_fullmask.nc', kwargs = {}, info = {}
session = <aiohttp.client.ClientSession object at 0x137e9dba0>, policy = 'get'

    async def _info(self, url, **kwargs):
        """Get info of URL
    
        Tries to access location via HEAD, and then GET methods, but does
        not fetch the data.
    
        It is possible that the server does not supply any size information, in
        which case size will be given as None (and certain operations on the
        corresponding file will not work).
        """
        info = {}
        session = await self.set_session()
    
        for policy in ["head", "get"]:
            try:
                info.update(
                    await _file_info(
                        self.encode_url(url),
                        size_policy=policy,
                        session=session,
                        **self.kwargs,
                        **kwargs,
                    )
                )
                if info.get("size") is not None:
                    break
            except Exception as exc:
                if policy == "get":
                    # If get failed, then raise a FileNotFoundError
>                   raise FileNotFoundError(url) from exc
E                   FileNotFoundError: tests/test_data/daily_data_fullmask.nc

../../../miniconda3/envs/activestorage-3.10/lib/python3.10/site-packages/fsspec/implementations/http.py:457: FileNotFoundError
----------------------------- Captured stdout call -----------------------------
Reducing chunk of object <class 'str'>
_________________ test_reduced_chunk_fully_masked_data_missing _________________
[gw0] darwin -- Python 3.10.20 /Users/dh935740@reading.ac.uk/miniconda3/envs/activestorage-3.10/bin/python3.10

self = <fsspec.implementations.http.HTTPFileSystem object at 0x137e9e5f0>
url = 'tests/test_data/daily_data_fullmask.nc', kwargs = {}, info = {}
session = <aiohttp.client.ClientSession object at 0x137e9dba0>, policy = 'get'

    async def _info(self, url, **kwargs):
        """Get info of URL
    
        Tries to access location via HEAD, and then GET methods, but does
        not fetch the data.
    
        It is possible that the server does not supply any size information, in
        which case size will be given as None (and certain operations on the
        corresponding file will not work).
        """
        info = {}
        session = await self.set_session()
    
        for policy in ["head", "get"]:
            try:
                info.update(
>                   await _file_info(
                        self.encode_url(url),
                        size_policy=policy,
                        session=session,
                        **self.kwargs,
                        **kwargs,
                    )
                )

../../../miniconda3/envs/activestorage-3.10/lib/python3.10/site-packages/fsspec/implementations/http.py:444: 
_ _ _ _ _ _ _ _ _ _ _ _ _ _ _ _ _ _ _ _ _ _ _ _ _ _ _ _ _ _ _ _ _ _ _ _ _ _ _ _ 
../../../miniconda3/envs/activestorage-3.10/lib/python3.10/site-packages/fsspec/implementations/http.py:856: in _file_info
    r = await session.get(url, allow_redirects=ar, **kwargs)
_ _ _ _ _ _ _ _ _ _ _ _ _ _ _ _ _ _ _ _ _ _ _ _ _ _ _ _ _ _ _ _ _ _ _ _ _ _ _ _ 

self = <aiohttp.client.ClientSession object at 0x137e9dba0>, method = 'GET'
str_or_url = URL('tests/test_data/daily_data_fullmask.nc')

    async def _request(
        self,
        method: str,
        str_or_url: StrOrURL,
        *,
        params: Query = None,
        data: Any = None,
        json: Any = None,
        cookies: Optional[LooseCookies] = None,
        headers: Optional[LooseHeaders] = None,
        skip_auto_headers: Optional[Iterable[str]] = None,
        auth: Optional[BasicAuth] = None,
        allow_redirects: bool = True,
        max_redirects: int = 10,
        compress: Union[str, bool, None] = None,
        chunked: Optional[bool] = None,
        expect100: bool = False,
        raise_for_status: Union[
            None, bool, Callable[[ClientResponse], Awaitable[None]]
        ] = None,
        read_until_eof: bool = True,
        proxy: Optional[StrOrURL] = None,
        proxy_auth: Optional[BasicAuth] = None,
        timeout: Union[ClientTimeout, _SENTINEL] = sentinel,
        verify_ssl: Optional[bool] = None,
        fingerprint: Optional[bytes] = None,
        ssl_context: Optional[SSLContext] = None,
        ssl: Union[SSLContext, bool, Fingerprint] = True,
        server_hostname: Optional[str] = None,
        proxy_headers: Optional[LooseHeaders] = None,
        trace_request_ctx: Optional[Mapping[str, Any]] = None,
        read_bufsize: Optional[int] = None,
        auto_decompress: Optional[bool] = None,
        max_line_size: Optional[int] = None,
        max_field_size: Optional[int] = None,
        max_headers: Optional[int] = None,
        middlewares: Optional[Sequence[ClientMiddlewareType]] = None,
    ) -> ClientResponse:
    
        # NOTE: timeout clamps existing connect and read timeouts.  We cannot
        # set the default to None because we need to detect if the user wants
        # to use the existing timeouts by setting timeout to None.
    
        if self.closed:
            raise RuntimeError("Session is closed")
    
        ssl = _merge_ssl_params(ssl, verify_ssl, ssl_context, fingerprint)
    
        if data is not None and json is not None:
            raise ValueError(
                "data and json parameters can not be used at the same time"
            )
        elif json is not None:
            data = payload.JsonPayload(json, dumps=self._json_serialize)
    
        if not isinstance(chunked, bool) and chunked is not None:
            warnings.warn("Chunk size is deprecated #1615", DeprecationWarning)
    
        redirects = 0
        history: List[ClientResponse] = []
        version = self._version
        params = params or {}
    
        # Merge with default headers and transform to CIMultiDict
        headers = self._prepare_headers(headers)
    
        try:
            url = self._build_url(str_or_url)
        except ValueError as e:
            raise InvalidUrlClientError(str_or_url) from e
    
        assert self._connector is not None
        if url.scheme not in self._connector.allowed_protocol_schema_set:
            raise NonHttpUrlClientError(url)
    
        skip_headers: Optional[Iterable[istr]]
        if skip_auto_headers is not None:
            skip_headers = {
                istr(i) for i in skip_auto_headers
            } | self._skip_auto_headers
        elif self._skip_auto_headers:
            skip_headers = self._skip_auto_headers
        else:
            skip_headers = None
    
        if proxy is None:
            proxy = self._default_proxy
        if proxy_auth is None:
            proxy_auth = self._default_proxy_auth
    
        if proxy is None:
            proxy_headers = None
        else:
            proxy_headers = self._prepare_headers(proxy_headers)
            try:
                proxy = URL(proxy)
            except ValueError as e:
                raise InvalidURL(proxy) from e
    
        if timeout is sentinel:
            real_timeout: ClientTimeout = self._timeout
        else:
            if not isinstance(timeout, ClientTimeout):
                real_timeout = ClientTimeout(total=timeout)
            else:
                real_timeout = timeout
        # timeout is cumulative for all request operations
        # (request, redirects, responses, data consuming)
        tm = TimeoutHandle(
            self._loop, real_timeout.total, ceil_threshold=real_timeout.ceil_threshold
        )
        handle = tm.start()
    
        if read_bufsize is None:
            read_bufsize = self._read_bufsize
    
        if auto_decompress is None:
            auto_decompress = self._auto_decompress
    
        if max_line_size is None:
            max_line_size = self._max_line_size
    
        if max_field_size is None:
            max_field_size = self._max_field_size
    
        if max_headers is None:
            max_headers = self._max_headers
    
        traces = [
            Trace(
                self,
                trace_config,
                trace_config.trace_config_ctx(trace_request_ctx=trace_request_ctx),
            )
            for trace_config in self._trace_configs
        ]
    
        for trace in traces:
            await trace.send_request_start(method, url.update_query(params), headers)
    
        timer = tm.timer()
        try:
            with timer:
                # https://www.rfc-editor.org/rfc/rfc9112.html#name-retrying-requests
                retry_persistent_connection = (
                    self._retry_connection and method in IDEMPOTENT_METHODS
                )
                while True:
                    url, auth_from_url = strip_auth_from_url(url)
                    if not url.raw_host:
                        # NOTE: Bail early, otherwise, causes `InvalidURL` through
                        # NOTE: `self._request_class()` below.
                        err_exc_cls = (
                            InvalidUrlRedirectClientError
                            if redirects
                            else InvalidUrlClientError
                        )
>                       raise err_exc_cls(url)
E                       aiohttp.client_exceptions.InvalidUrlClientError: tests/test_data/daily_data_fullmask.nc

../../../miniconda3/envs/activestorage-3.10/lib/python3.10/site-packages/aiohttp/client.py:647: InvalidUrlClientError

The above exception was the direct cause of the following exception:

    def test_reduced_chunk_fully_masked_data_missing():
        """Test method with masked data."""
        rfile = "tests/test_data/daily_data_fullmask.nc"
        offset = 6911
        size = 2976
    
        # no compression
        ch_sel = (slice(0, 62, 1), slice(0, 2, 1), slice(0, 3, 1), slice(0, 2, 1))
    
>       rc = st.reduce_chunk(rfile,
                             offset,
                             size,
                             compression=None,
                             filters=None,
                             missing=(999., None, None, None),
                             dtype="float32",
                             shape=(62, 2, 3, 2),
                             order="C",
                             chunk_selection=ch_sel,
                             axis=(0, 1, 2, 3),
                             method=np.mean)

../../../PyActiveStorage/tests/unit/test_storage.py:156: 
_ _ _ _ _ _ _ _ _ _ _ _ _ _ _ _ _ _ _ _ _ _ _ _ _ _ _ _ _ _ _ _ _ _ _ _ _ _ _ _ 
../../../miniconda3/envs/activestorage-3.10/lib/python3.10/site-packages/activestorage/storage.py:65: in reduce_chunk
    with fs.open(rfile, 'rb') as open_file:
../../../miniconda3/envs/activestorage-3.10/lib/python3.10/site-packages/fsspec/spec.py:1352: in open
    f = self._open(
../../../miniconda3/envs/activestorage-3.10/lib/python3.10/site-packages/fsspec/implementations/http.py:383: in _open
    size = size or info.update(self.info(path, **kwargs)) or info["size"]
../../../miniconda3/envs/activestorage-3.10/lib/python3.10/site-packages/fsspec/asyn.py:118: in wrapper
    return sync(self.loop, func, *args, **kwargs)
../../../miniconda3/envs/activestorage-3.10/lib/python3.10/site-packages/fsspec/asyn.py:103: in sync
    raise return_result
../../../miniconda3/envs/activestorage-3.10/lib/python3.10/site-packages/fsspec/asyn.py:56: in _runner
    result[0] = await coro
_ _ _ _ _ _ _ _ _ _ _ _ _ _ _ _ _ _ _ _ _ _ _ _ _ _ _ _ _ _ _ _ _ _ _ _ _ _ _ _ 

self = <fsspec.implementations.http.HTTPFileSystem object at 0x137e9e5f0>
url = 'tests/test_data/daily_data_fullmask.nc', kwargs = {}, info = {}
session = <aiohttp.client.ClientSession object at 0x137e9dba0>, policy = 'get'

    async def _info(self, url, **kwargs):
        """Get info of URL
    
        Tries to access location via HEAD, and then GET methods, but does
        not fetch the data.
    
        It is possible that the server does not supply any size information, in
        which case size will be given as None (and certain operations on the
        corresponding file will not work).
        """
        info = {}
        session = await self.set_session()
    
        for policy in ["head", "get"]:
            try:
                info.update(
                    await _file_info(
                        self.encode_url(url),
                        size_policy=policy,
                        session=session,
                        **self.kwargs,
                        **kwargs,
                    )
                )
                if info.get("size") is not None:
                    break
            except Exception as exc:
                if policy == "get":
                    # If get failed, then raise a FileNotFoundError
>                   raise FileNotFoundError(url) from exc
E                   FileNotFoundError: tests/test_data/daily_data_fullmask.nc

../../../miniconda3/envs/activestorage-3.10/lib/python3.10/site-packages/fsspec/implementations/http.py:457: FileNotFoundError
----------------------------- Captured stdout call -----------------------------
Reducing chunk of object <class 'str'>
__________________ test_reduced_chunk_fully_masked_data_vmin ___________________
[gw0] darwin -- Python 3.10.20 /Users/dh935740@reading.ac.uk/miniconda3/envs/activestorage-3.10/bin/python3.10

self = <fsspec.implementations.http.HTTPFileSystem object at 0x137e9e5f0>
url = 'tests/test_data/daily_data_fullmask.nc', kwargs = {}, info = {}
session = <aiohttp.client.ClientSession object at 0x137e9dba0>, policy = 'get'

    async def _info(self, url, **kwargs):
        """Get info of URL
    
        Tries to access location via HEAD, and then GET methods, but does
        not fetch the data.
    
        It is possible that the server does not supply any size information, in
        which case size will be given as None (and certain operations on the
        corresponding file will not work).
        """
        info = {}
        session = await self.set_session()
    
        for policy in ["head", "get"]:
            try:
                info.update(
>                   await _file_info(
                        self.encode_url(url),
                        size_policy=policy,
                        session=session,
                        **self.kwargs,
                        **kwargs,
                    )
                )

../../../miniconda3/envs/activestorage-3.10/lib/python3.10/site-packages/fsspec/implementations/http.py:444: 
_ _ _ _ _ _ _ _ _ _ _ _ _ _ _ _ _ _ _ _ _ _ _ _ _ _ _ _ _ _ _ _ _ _ _ _ _ _ _ _ 
../../../miniconda3/envs/activestorage-3.10/lib/python3.10/site-packages/fsspec/implementations/http.py:856: in _file_info
    r = await session.get(url, allow_redirects=ar, **kwargs)
_ _ _ _ _ _ _ _ _ _ _ _ _ _ _ _ _ _ _ _ _ _ _ _ _ _ _ _ _ _ _ _ _ _ _ _ _ _ _ _ 

self = <aiohttp.client.ClientSession object at 0x137e9dba0>, method = 'GET'
str_or_url = URL('tests/test_data/daily_data_fullmask.nc')

    async def _request(
        self,
        method: str,
        str_or_url: StrOrURL,
        *,
        params: Query = None,
        data: Any = None,
        json: Any = None,
        cookies: Optional[LooseCookies] = None,
        headers: Optional[LooseHeaders] = None,
        skip_auto_headers: Optional[Iterable[str]] = None,
        auth: Optional[BasicAuth] = None,
        allow_redirects: bool = True,
        max_redirects: int = 10,
        compress: Union[str, bool, None] = None,
        chunked: Optional[bool] = None,
        expect100: bool = False,
        raise_for_status: Union[
            None, bool, Callable[[ClientResponse], Awaitable[None]]
        ] = None,
        read_until_eof: bool = True,
        proxy: Optional[StrOrURL] = None,
        proxy_auth: Optional[BasicAuth] = None,
        timeout: Union[ClientTimeout, _SENTINEL] = sentinel,
        verify_ssl: Optional[bool] = None,
        fingerprint: Optional[bytes] = None,
        ssl_context: Optional[SSLContext] = None,
        ssl: Union[SSLContext, bool, Fingerprint] = True,
        server_hostname: Optional[str] = None,
        proxy_headers: Optional[LooseHeaders] = None,
        trace_request_ctx: Optional[Mapping[str, Any]] = None,
        read_bufsize: Optional[int] = None,
        auto_decompress: Optional[bool] = None,
        max_line_size: Optional[int] = None,
        max_field_size: Optional[int] = None,
        max_headers: Optional[int] = None,
        middlewares: Optional[Sequence[ClientMiddlewareType]] = None,
    ) -> ClientResponse:
    
        # NOTE: timeout clamps existing connect and read timeouts.  We cannot
        # set the default to None because we need to detect if the user wants
        # to use the existing timeouts by setting timeout to None.
    
        if self.closed:
            raise RuntimeError("Session is closed")
    
        ssl = _merge_ssl_params(ssl, verify_ssl, ssl_context, fingerprint)
    
        if data is not None and json is not None:
            raise ValueError(
                "data and json parameters can not be used at the same time"
            )
        elif json is not None:
            data = payload.JsonPayload(json, dumps=self._json_serialize)
    
        if not isinstance(chunked, bool) and chunked is not None:
            warnings.warn("Chunk size is deprecated #1615", DeprecationWarning)
    
        redirects = 0
        history: List[ClientResponse] = []
        version = self._version
        params = params or {}
    
        # Merge with default headers and transform to CIMultiDict
        headers = self._prepare_headers(headers)
    
        try:
            url = self._build_url(str_or_url)
        except ValueError as e:
            raise InvalidUrlClientError(str_or_url) from e
    
        assert self._connector is not None
        if url.scheme not in self._connector.allowed_protocol_schema_set:
            raise NonHttpUrlClientError(url)
    
        skip_headers: Optional[Iterable[istr]]
        if skip_auto_headers is not None:
            skip_headers = {
                istr(i) for i in skip_auto_headers
            } | self._skip_auto_headers
        elif self._skip_auto_headers:
            skip_headers = self._skip_auto_headers
        else:
            skip_headers = None
    
        if proxy is None:
            proxy = self._default_proxy
        if proxy_auth is None:
            proxy_auth = self._default_proxy_auth
    
        if proxy is None:
            proxy_headers = None
        else:
            proxy_headers = self._prepare_headers(proxy_headers)
            try:
                proxy = URL(proxy)
            except ValueError as e:
                raise InvalidURL(proxy) from e
    
        if timeout is sentinel:
            real_timeout: ClientTimeout = self._timeout
        else:
            if not isinstance(timeout, ClientTimeout):
                real_timeout = ClientTimeout(total=timeout)
            else:
                real_timeout = timeout
        # timeout is cumulative for all request operations
        # (request, redirects, responses, data consuming)
        tm = TimeoutHandle(
            self._loop, real_timeout.total, ceil_threshold=real_timeout.ceil_threshold
        )
        handle = tm.start()
    
        if read_bufsize is None:
            read_bufsize = self._read_bufsize
    
        if auto_decompress is None:
            auto_decompress = self._auto_decompress
    
        if max_line_size is None:
            max_line_size = self._max_line_size
    
        if max_field_size is None:
            max_field_size = self._max_field_size
    
        if max_headers is None:
            max_headers = self._max_headers
    
        traces = [
            Trace(
                self,
                trace_config,
                trace_config.trace_config_ctx(trace_request_ctx=trace_request_ctx),
            )
            for trace_config in self._trace_configs
        ]
    
        for trace in traces:
            await trace.send_request_start(method, url.update_query(params), headers)
    
        timer = tm.timer()
        try:
            with timer:
                # https://www.rfc-editor.org/rfc/rfc9112.html#name-retrying-requests
                retry_persistent_connection = (
                    self._retry_connection and method in IDEMPOTENT_METHODS
                )
                while True:
                    url, auth_from_url = strip_auth_from_url(url)
                    if not url.raw_host:
                        # NOTE: Bail early, otherwise, causes `InvalidURL` through
                        # NOTE: `self._request_class()` below.
                        err_exc_cls = (
                            InvalidUrlRedirectClientError
                            if redirects
                            else InvalidUrlClientError
                        )
>                       raise err_exc_cls(url)
E                       aiohttp.client_exceptions.InvalidUrlClientError: tests/test_data/daily_data_fullmask.nc

../../../miniconda3/envs/activestorage-3.10/lib/python3.10/site-packages/aiohttp/client.py:647: InvalidUrlClientError

The above exception was the direct cause of the following exception:

    def test_reduced_chunk_fully_masked_data_vmin():
        """Test method with masked data."""
        rfile = "tests/test_data/daily_data_fullmask.nc"
        offset = 6911
        size = 2976
    
        # no compression
        ch_sel = (slice(0, 62, 1), slice(0, 2, 1), slice(0, 3, 1), slice(0, 2, 1))
    
>       rc = st.reduce_chunk(rfile,
                             offset,
                             size,
                             compression=None,
                             filters=None,
                             missing=(None, None, 1000., None),
                             dtype="float32",
                             shape=(62, 2, 3, 2),
                             order="C",
                             chunk_selection=ch_sel,
                             axis=(0, 1, 2, 3),
                             method=np.mean)

../../../PyActiveStorage/tests/unit/test_storage.py:181: 
_ _ _ _ _ _ _ _ _ _ _ _ _ _ _ _ _ _ _ _ _ _ _ _ _ _ _ _ _ _ _ _ _ _ _ _ _ _ _ _ 
../../../miniconda3/envs/activestorage-3.10/lib/python3.10/site-packages/activestorage/storage.py:65: in reduce_chunk
    with fs.open(rfile, 'rb') as open_file:
../../../miniconda3/envs/activestorage-3.10/lib/python3.10/site-packages/fsspec/spec.py:1352: in open
    f = self._open(
../../../miniconda3/envs/activestorage-3.10/lib/python3.10/site-packages/fsspec/implementations/http.py:383: in _open
    size = size or info.update(self.info(path, **kwargs)) or info["size"]
../../../miniconda3/envs/activestorage-3.10/lib/python3.10/site-packages/fsspec/asyn.py:118: in wrapper
    return sync(self.loop, func, *args, **kwargs)
../../../miniconda3/envs/activestorage-3.10/lib/python3.10/site-packages/fsspec/asyn.py:103: in sync
    raise return_result
../../../miniconda3/envs/activestorage-3.10/lib/python3.10/site-packages/fsspec/asyn.py:56: in _runner
    result[0] = await coro
_ _ _ _ _ _ _ _ _ _ _ _ _ _ _ _ _ _ _ _ _ _ _ _ _ _ _ _ _ _ _ _ _ _ _ _ _ _ _ _ 

self = <fsspec.implementations.http.HTTPFileSystem object at 0x137e9e5f0>
url = 'tests/test_data/daily_data_fullmask.nc', kwargs = {}, info = {}
session = <aiohttp.client.ClientSession object at 0x137e9dba0>, policy = 'get'

    async def _info(self, url, **kwargs):
        """Get info of URL
    
        Tries to access location via HEAD, and then GET methods, but does
        not fetch the data.
    
        It is possible that the server does not supply any size information, in
        which case size will be given as None (and certain operations on the
        corresponding file will not work).
        """
        info = {}
        session = await self.set_session()
    
        for policy in ["head", "get"]:
            try:
                info.update(
                    await _file_info(
                        self.encode_url(url),
                        size_policy=policy,
                        session=session,
                        **self.kwargs,
                        **kwargs,
                    )
                )
                if info.get("size") is not None:
                    break
            except Exception as exc:
                if policy == "get":
                    # If get failed, then raise a FileNotFoundError
>                   raise FileNotFoundError(url) from exc
E                   FileNotFoundError: tests/test_data/daily_data_fullmask.nc

../../../miniconda3/envs/activestorage-3.10/lib/python3.10/site-packages/fsspec/implementations/http.py:457: FileNotFoundError
----------------------------- Captured stdout call -----------------------------
Reducing chunk of object <class 'str'>
__________________ test_reduced_chunk_fully_masked_data_vmax ___________________
[gw0] darwin -- Python 3.10.20 /Users/dh935740@reading.ac.uk/miniconda3/envs/activestorage-3.10/bin/python3.10

self = <fsspec.implementations.http.HTTPFileSystem object at 0x137e9e5f0>
url = 'tests/test_data/daily_data_fullmask.nc', kwargs = {}, info = {}
session = <aiohttp.client.ClientSession object at 0x137e9dba0>, policy = 'get'

    async def _info(self, url, **kwargs):
        """Get info of URL
    
        Tries to access location via HEAD, and then GET methods, but does
        not fetch the data.
    
        It is possible that the server does not supply any size information, in
        which case size will be given as None (and certain operations on the
        corresponding file will not work).
        """
        info = {}
        session = await self.set_session()
    
        for policy in ["head", "get"]:
            try:
                info.update(
>                   await _file_info(
                        self.encode_url(url),
                        size_policy=policy,
                        session=session,
                        **self.kwargs,
                        **kwargs,
                    )
                )

../../../miniconda3/envs/activestorage-3.10/lib/python3.10/site-packages/fsspec/implementations/http.py:444: 
_ _ _ _ _ _ _ _ _ _ _ _ _ _ _ _ _ _ _ _ _ _ _ _ _ _ _ _ _ _ _ _ _ _ _ _ _ _ _ _ 
../../../miniconda3/envs/activestorage-3.10/lib/python3.10/site-packages/fsspec/implementations/http.py:856: in _file_info
    r = await session.get(url, allow_redirects=ar, **kwargs)
_ _ _ _ _ _ _ _ _ _ _ _ _ _ _ _ _ _ _ _ _ _ _ _ _ _ _ _ _ _ _ _ _ _ _ _ _ _ _ _ 

self = <aiohttp.client.ClientSession object at 0x137e9dba0>, method = 'GET'
str_or_url = URL('tests/test_data/daily_data_fullmask.nc')

    async def _request(
        self,
        method: str,
        str_or_url: StrOrURL,
        *,
        params: Query = None,
        data: Any = None,
        json: Any = None,
        cookies: Optional[LooseCookies] = None,
        headers: Optional[LooseHeaders] = None,
        skip_auto_headers: Optional[Iterable[str]] = None,
        auth: Optional[BasicAuth] = None,
        allow_redirects: bool = True,
        max_redirects: int = 10,
        compress: Union[str, bool, None] = None,
        chunked: Optional[bool] = None,
        expect100: bool = False,
        raise_for_status: Union[
            None, bool, Callable[[ClientResponse], Awaitable[None]]
        ] = None,
        read_until_eof: bool = True,
        proxy: Optional[StrOrURL] = None,
        proxy_auth: Optional[BasicAuth] = None,
        timeout: Union[ClientTimeout, _SENTINEL] = sentinel,
        verify_ssl: Optional[bool] = None,
        fingerprint: Optional[bytes] = None,
        ssl_context: Optional[SSLContext] = None,
        ssl: Union[SSLContext, bool, Fingerprint] = True,
        server_hostname: Optional[str] = None,
        proxy_headers: Optional[LooseHeaders] = None,
        trace_request_ctx: Optional[Mapping[str, Any]] = None,
        read_bufsize: Optional[int] = None,
        auto_decompress: Optional[bool] = None,
        max_line_size: Optional[int] = None,
        max_field_size: Optional[int] = None,
        max_headers: Optional[int] = None,
        middlewares: Optional[Sequence[ClientMiddlewareType]] = None,
    ) -> ClientResponse:
    
        # NOTE: timeout clamps existing connect and read timeouts.  We cannot
        # set the default to None because we need to detect if the user wants
        # to use the existing timeouts by setting timeout to None.
    
        if self.closed:
            raise RuntimeError("Session is closed")
    
        ssl = _merge_ssl_params(ssl, verify_ssl, ssl_context, fingerprint)
    
        if data is not None and json is not None:
            raise ValueError(
                "data and json parameters can not be used at the same time"
            )
        elif json is not None:
            data = payload.JsonPayload(json, dumps=self._json_serialize)
    
        if not isinstance(chunked, bool) and chunked is not None:
            warnings.warn("Chunk size is deprecated #1615", DeprecationWarning)
    
        redirects = 0
        history: List[ClientResponse] = []
        version = self._version
        params = params or {}
    
        # Merge with default headers and transform to CIMultiDict
        headers = self._prepare_headers(headers)
    
        try:
            url = self._build_url(str_or_url)
        except ValueError as e:
            raise InvalidUrlClientError(str_or_url) from e
    
        assert self._connector is not None
        if url.scheme not in self._connector.allowed_protocol_schema_set:
            raise NonHttpUrlClientError(url)
    
        skip_headers: Optional[Iterable[istr]]
        if skip_auto_headers is not None:
            skip_headers = {
                istr(i) for i in skip_auto_headers
            } | self._skip_auto_headers
        elif self._skip_auto_headers:
            skip_headers = self._skip_auto_headers
        else:
            skip_headers = None
    
        if proxy is None:
            proxy = self._default_proxy
        if proxy_auth is None:
            proxy_auth = self._default_proxy_auth
    
        if proxy is None:
            proxy_headers = None
        else:
            proxy_headers = self._prepare_headers(proxy_headers)
            try:
                proxy = URL(proxy)
            except ValueError as e:
                raise InvalidURL(proxy) from e
    
        if timeout is sentinel:
            real_timeout: ClientTimeout = self._timeout
        else:
            if not isinstance(timeout, ClientTimeout):
                real_timeout = ClientTimeout(total=timeout)
            else:
                real_timeout = timeout
        # timeout is cumulative for all request operations
        # (request, redirects, responses, data consuming)
        tm = TimeoutHandle(
            self._loop, real_timeout.total, ceil_threshold=real_timeout.ceil_threshold
        )
        handle = tm.start()
    
        if read_bufsize is None:
            read_bufsize = self._read_bufsize
    
        if auto_decompress is None:
            auto_decompress = self._auto_decompress
    
        if max_line_size is None:
            max_line_size = self._max_line_size
    
        if max_field_size is None:
            max_field_size = self._max_field_size
    
        if max_headers is None:
            max_headers = self._max_headers
    
        traces = [
            Trace(
                self,
                trace_config,
                trace_config.trace_config_ctx(trace_request_ctx=trace_request_ctx),
            )
            for trace_config in self._trace_configs
        ]
    
        for trace in traces:
            await trace.send_request_start(method, url.update_query(params), headers)
    
        timer = tm.timer()
        try:
            with timer:
                # https://www.rfc-editor.org/rfc/rfc9112.html#name-retrying-requests
                retry_persistent_connection = (
                    self._retry_connection and method in IDEMPOTENT_METHODS
                )
                while True:
                    url, auth_from_url = strip_auth_from_url(url)
                    if not url.raw_host:
                        # NOTE: Bail early, otherwise, causes `InvalidURL` through
                        # NOTE: `self._request_class()` below.
                        err_exc_cls = (
                            InvalidUrlRedirectClientError
                            if redirects
                            else InvalidUrlClientError
                        )
>                       raise err_exc_cls(url)
E                       aiohttp.client_exceptions.InvalidUrlClientError: tests/test_data/daily_data_fullmask.nc

../../../miniconda3/envs/activestorage-3.10/lib/python3.10/site-packages/aiohttp/client.py:647: InvalidUrlClientError

The above exception was the direct cause of the following exception:

    def test_reduced_chunk_fully_masked_data_vmax():
        """Test method with masked data."""
        rfile = "tests/test_data/daily_data_fullmask.nc"
        offset = 6911
        size = 2976
    
        # no compression
        ch_sel = (slice(0, 62, 1), slice(0, 2, 1), slice(0, 3, 1), slice(0, 2, 1))
    
>       rc = st.reduce_chunk(rfile,
                             offset,
                             size,
                             compression=None,
                             filters=None,
                             missing=(None, None, None, 1.),
                             dtype="float32",
                             shape=(62, 2, 3, 2),
                             order="C",
                             chunk_selection=ch_sel,
                             axis=(0, 1, 2, 3),
                             method=np.mean)

../../../PyActiveStorage/tests/unit/test_storage.py:206: 
_ _ _ _ _ _ _ _ _ _ _ _ _ _ _ _ _ _ _ _ _ _ _ _ _ _ _ _ _ _ _ _ _ _ _ _ _ _ _ _ 
../../../miniconda3/envs/activestorage-3.10/lib/python3.10/site-packages/activestorage/storage.py:65: in reduce_chunk
    with fs.open(rfile, 'rb') as open_file:
../../../miniconda3/envs/activestorage-3.10/lib/python3.10/site-packages/fsspec/spec.py:1352: in open
    f = self._open(
../../../miniconda3/envs/activestorage-3.10/lib/python3.10/site-packages/fsspec/implementations/http.py:383: in _open
    size = size or info.update(self.info(path, **kwargs)) or info["size"]
../../../miniconda3/envs/activestorage-3.10/lib/python3.10/site-packages/fsspec/asyn.py:118: in wrapper
    return sync(self.loop, func, *args, **kwargs)
../../../miniconda3/envs/activestorage-3.10/lib/python3.10/site-packages/fsspec/asyn.py:103: in sync
    raise return_result
../../../miniconda3/envs/activestorage-3.10/lib/python3.10/site-packages/fsspec/asyn.py:56: in _runner
    result[0] = await coro
_ _ _ _ _ _ _ _ _ _ _ _ _ _ _ _ _ _ _ _ _ _ _ _ _ _ _ _ _ _ _ _ _ _ _ _ _ _ _ _ 

self = <fsspec.implementations.http.HTTPFileSystem object at 0x137e9e5f0>
url = 'tests/test_data/daily_data_fullmask.nc', kwargs = {}, info = {}
session = <aiohttp.client.ClientSession object at 0x137e9dba0>, policy = 'get'

    async def _info(self, url, **kwargs):
        """Get info of URL
    
        Tries to access location via HEAD, and then GET methods, but does
        not fetch the data.
    
        It is possible that the server does not supply any size information, in
        which case size will be given as None (and certain operations on the
        corresponding file will not work).
        """
        info = {}
        session = await self.set_session()
    
        for policy in ["head", "get"]:
            try:
                info.update(
                    await _file_info(
                        self.encode_url(url),
                        size_policy=policy,
                        session=session,
                        **self.kwargs,
                        **kwargs,
                    )
                )
                if info.get("size") is not None:
                    break
            except Exception as exc:
                if policy == "get":
                    # If get failed, then raise a FileNotFoundError
>                   raise FileNotFoundError(url) from exc
E                   FileNotFoundError: tests/test_data/daily_data_fullmask.nc

../../../miniconda3/envs/activestorage-3.10/lib/python3.10/site-packages/fsspec/implementations/http.py:457: FileNotFoundError
----------------------------- Captured stdout call -----------------------------
Reducing chunk of object <class 'str'>
________________________________ test_zero_data ________________________________
[gw0] darwin -- Python 3.10.20 /Users/dh935740@reading.ac.uk/miniconda3/envs/activestorage-3.10/bin/python3.10

self = <fsspec.implementations.http.HTTPFileSystem object at 0x137e9e5f0>
url = 'tests/test_data/zero_chunked.nc', kwargs = {}, info = {}
session = <aiohttp.client.ClientSession object at 0x137e9dba0>, policy = 'get'

    async def _info(self, url, **kwargs):
        """Get info of URL
    
        Tries to access location via HEAD, and then GET methods, but does
        not fetch the data.
    
        It is possible that the server does not supply any size information, in
        which case size will be given as None (and certain operations on the
        corresponding file will not work).
        """
        info = {}
        session = await self.set_session()
    
        for policy in ["head", "get"]:
            try:
                info.update(
>                   await _file_info(
                        self.encode_url(url),
                        size_policy=policy,
                        session=session,
                        **self.kwargs,
                        **kwargs,
                    )
                )

../../../miniconda3/envs/activestorage-3.10/lib/python3.10/site-packages/fsspec/implementations/http.py:444: 
_ _ _ _ _ _ _ _ _ _ _ _ _ _ _ _ _ _ _ _ _ _ _ _ _ _ _ _ _ _ _ _ _ _ _ _ _ _ _ _ 
../../../miniconda3/envs/activestorage-3.10/lib/python3.10/site-packages/fsspec/implementations/http.py:856: in _file_info
    r = await session.get(url, allow_redirects=ar, **kwargs)
_ _ _ _ _ _ _ _ _ _ _ _ _ _ _ _ _ _ _ _ _ _ _ _ _ _ _ _ _ _ _ _ _ _ _ _ _ _ _ _ 

self = <aiohttp.client.ClientSession object at 0x137e9dba0>, method = 'GET'
str_or_url = URL('tests/test_data/zero_chunked.nc')

    async def _request(
        self,
        method: str,
        str_or_url: StrOrURL,
        *,
        params: Query = None,
        data: Any = None,
        json: Any = None,
        cookies: Optional[LooseCookies] = None,
        headers: Optional[LooseHeaders] = None,
        skip_auto_headers: Optional[Iterable[str]] = None,
        auth: Optional[BasicAuth] = None,
        allow_redirects: bool = True,
        max_redirects: int = 10,
        compress: Union[str, bool, None] = None,
        chunked: Optional[bool] = None,
        expect100: bool = False,
        raise_for_status: Union[
            None, bool, Callable[[ClientResponse], Awaitable[None]]
        ] = None,
        read_until_eof: bool = True,
        proxy: Optional[StrOrURL] = None,
        proxy_auth: Optional[BasicAuth] = None,
        timeout: Union[ClientTimeout, _SENTINEL] = sentinel,
        verify_ssl: Optional[bool] = None,
        fingerprint: Optional[bytes] = None,
        ssl_context: Optional[SSLContext] = None,
        ssl: Union[SSLContext, bool, Fingerprint] = True,
        server_hostname: Optional[str] = None,
        proxy_headers: Optional[LooseHeaders] = None,
        trace_request_ctx: Optional[Mapping[str, Any]] = None,
        read_bufsize: Optional[int] = None,
        auto_decompress: Optional[bool] = None,
        max_line_size: Optional[int] = None,
        max_field_size: Optional[int] = None,
        max_headers: Optional[int] = None,
        middlewares: Optional[Sequence[ClientMiddlewareType]] = None,
    ) -> ClientResponse:
    
        # NOTE: timeout clamps existing connect and read timeouts.  We cannot
        # set the default to None because we need to detect if the user wants
        # to use the existing timeouts by setting timeout to None.
    
        if self.closed:
            raise RuntimeError("Session is closed")
    
        ssl = _merge_ssl_params(ssl, verify_ssl, ssl_context, fingerprint)
    
        if data is not None and json is not None:
            raise ValueError(
                "data and json parameters can not be used at the same time"
            )
        elif json is not None:
            data = payload.JsonPayload(json, dumps=self._json_serialize)
    
        if not isinstance(chunked, bool) and chunked is not None:
            warnings.warn("Chunk size is deprecated #1615", DeprecationWarning)
    
        redirects = 0
        history: List[ClientResponse] = []
        version = self._version
        params = params or {}
    
        # Merge with default headers and transform to CIMultiDict
        headers = self._prepare_headers(headers)
    
        try:
            url = self._build_url(str_or_url)
        except ValueError as e:
            raise InvalidUrlClientError(str_or_url) from e
    
        assert self._connector is not None
        if url.scheme not in self._connector.allowed_protocol_schema_set:
            raise NonHttpUrlClientError(url)
    
        skip_headers: Optional[Iterable[istr]]
        if skip_auto_headers is not None:
            skip_headers = {
                istr(i) for i in skip_auto_headers
            } | self._skip_auto_headers
        elif self._skip_auto_headers:
            skip_headers = self._skip_auto_headers
        else:
            skip_headers = None
    
        if proxy is None:
            proxy = self._default_proxy
        if proxy_auth is None:
            proxy_auth = self._default_proxy_auth
    
        if proxy is None:
            proxy_headers = None
        else:
            proxy_headers = self._prepare_headers(proxy_headers)
            try:
                proxy = URL(proxy)
            except ValueError as e:
                raise InvalidURL(proxy) from e
    
        if timeout is sentinel:
            real_timeout: ClientTimeout = self._timeout
        else:
            if not isinstance(timeout, ClientTimeout):
                real_timeout = ClientTimeout(total=timeout)
            else:
                real_timeout = timeout
        # timeout is cumulative for all request operations
        # (request, redirects, responses, data consuming)
        tm = TimeoutHandle(
            self._loop, real_timeout.total, ceil_threshold=real_timeout.ceil_threshold
        )
        handle = tm.start()
    
        if read_bufsize is None:
            read_bufsize = self._read_bufsize
    
        if auto_decompress is None:
            auto_decompress = self._auto_decompress
    
        if max_line_size is None:
            max_line_size = self._max_line_size
    
        if max_field_size is None:
            max_field_size = self._max_field_size
    
        if max_headers is None:
            max_headers = self._max_headers
    
        traces = [
            Trace(
                self,
                trace_config,
                trace_config.trace_config_ctx(trace_request_ctx=trace_request_ctx),
            )
            for trace_config in self._trace_configs
        ]
    
        for trace in traces:
            await trace.send_request_start(method, url.update_query(params), headers)
    
        timer = tm.timer()
        try:
            with timer:
                # https://www.rfc-editor.org/rfc/rfc9112.html#name-retrying-requests
                retry_persistent_connection = (
                    self._retry_connection and method in IDEMPOTENT_METHODS
                )
                while True:
                    url, auth_from_url = strip_auth_from_url(url)
                    if not url.raw_host:
                        # NOTE: Bail early, otherwise, causes `InvalidURL` through
                        # NOTE: `self._request_class()` below.
                        err_exc_cls = (
                            InvalidUrlRedirectClientError
                            if redirects
                            else InvalidUrlClientError
                        )
>                       raise err_exc_cls(url)
E                       aiohttp.client_exceptions.InvalidUrlClientError: tests/test_data/zero_chunked.nc

../../../miniconda3/envs/activestorage-3.10/lib/python3.10/site-packages/aiohttp/client.py:647: InvalidUrlClientError

The above exception was the direct cause of the following exception:

    def test_zero_data():
        """Test method with zero data."""
        rfile = "tests/test_data/zero_chunked.nc"
        offset = 8760
        size = 48
    
        # no compression
        ch_sel = (slice(0, 3, 1), slice(0, 4, 1))
    
>       rc = st.reduce_chunk(rfile,
                             offset,
                             size,
                             compression=None,
                             filters=None,
                             missing=(None, None, None, None),
                             dtype="float32",
                             shape=(3, 4),
                             order="C",
                             chunk_selection=ch_sel,
                             axis=(0, 1),
                             method=np.mean)

../../../PyActiveStorage/tests/unit/test_storage.py:231: 
_ _ _ _ _ _ _ _ _ _ _ _ _ _ _ _ _ _ _ _ _ _ _ _ _ _ _ _ _ _ _ _ _ _ _ _ _ _ _ _ 
../../../miniconda3/envs/activestorage-3.10/lib/python3.10/site-packages/activestorage/storage.py:65: in reduce_chunk
    with fs.open(rfile, 'rb') as open_file:
../../../miniconda3/envs/activestorage-3.10/lib/python3.10/site-packages/fsspec/spec.py:1352: in open
    f = self._open(
../../../miniconda3/envs/activestorage-3.10/lib/python3.10/site-packages/fsspec/implementations/http.py:383: in _open
    size = size or info.update(self.info(path, **kwargs)) or info["size"]
../../../miniconda3/envs/activestorage-3.10/lib/python3.10/site-packages/fsspec/asyn.py:118: in wrapper
    return sync(self.loop, func, *args, **kwargs)
../../../miniconda3/envs/activestorage-3.10/lib/python3.10/site-packages/fsspec/asyn.py:103: in sync
    raise return_result
../../../miniconda3/envs/activestorage-3.10/lib/python3.10/site-packages/fsspec/asyn.py:56: in _runner
    result[0] = await coro
_ _ _ _ _ _ _ _ _ _ _ _ _ _ _ _ _ _ _ _ _ _ _ _ _ _ _ _ _ _ _ _ _ _ _ _ _ _ _ _ 

self = <fsspec.implementations.http.HTTPFileSystem object at 0x137e9e5f0>
url = 'tests/test_data/zero_chunked.nc', kwargs = {}, info = {}
session = <aiohttp.client.ClientSession object at 0x137e9dba0>, policy = 'get'

    async def _info(self, url, **kwargs):
        """Get info of URL
    
        Tries to access location via HEAD, and then GET methods, but does
        not fetch the data.
    
        It is possible that the server does not supply any size information, in
        which case size will be given as None (and certain operations on the
        corresponding file will not work).
        """
        info = {}
        session = await self.set_session()
    
        for policy in ["head", "get"]:
            try:
                info.update(
                    await _file_info(
                        self.encode_url(url),
                        size_policy=policy,
                        session=session,
                        **self.kwargs,
                        **kwargs,
                    )
                )
                if info.get("size") is not None:
                    break
            except Exception as exc:
                if policy == "get":
                    # If get failed, then raise a FileNotFoundError
>                   raise FileNotFoundError(url) from exc
E                   FileNotFoundError: tests/test_data/zero_chunked.nc

../../../miniconda3/envs/activestorage-3.10/lib/python3.10/site-packages/fsspec/implementations/http.py:457: FileNotFoundError
----------------------------- Captured stdout call -----------------------------
Reducing chunk of object <class 'str'>
_________________________ test_get_missing_attributes __________________________
[gw1] darwin -- Python 3.10.20 /Users/dh935740@reading.ac.uk/miniconda3/envs/activestorage-3.10/bin/python3.10

    def test_get_missing_attributes():
        """Test get missing attributes."""
>       ds = pyfive.File("tests/test_data/cesm2_native.nc")["TREFHT"]

../../../PyActiveStorage/tests/unit/test_active.py:37: 
_ _ _ _ _ _ _ _ _ _ _ _ _ _ _ _ _ _ _ _ _ _ _ _ _ _ _ _ _ _ _ _ _ _ _ _ _ _ _ _ 

self = <[AttributeError("'File' object has no attribute 'filename'") raised in repr()] File object at 0x10fd21c30>
filename = 'tests/test_data/cesm2_native.nc', mode = 'r'
metadata_buffer_size = 1

    def __init__(
        self,
        filename: str | BinaryIO | MetadataBufferingWrapper,
        mode: str = "r",
        metadata_buffer_size: int = 1,
    ) -> None:
        """initalize."""
        if mode != "r":
            raise NotImplementedError(
                "pyfive only provides support for reading and treats all reads as binary"
            )
        self._close = False
        if hasattr(filename, "read"):
            if not hasattr(filename, "seek"):
                raise ValueError("File like object must have a seek method")
            fh = cast(BinaryIO, filename)
            self.filename = getattr(filename, "name", "None")
        else:
>           fh = open(filename, "rb")
E           FileNotFoundError: [Errno 2] No such file or directory: 'tests/test_data/cesm2_native.nc'

../../../miniconda3/envs/activestorage-3.10/lib/python3.10/site-packages/pyfive/high_level.py:274: FileNotFoundError
_________________________________ test_getitem _________________________________
[gw1] darwin -- Python 3.10.20 /Users/dh935740@reading.ac.uk/miniconda3/envs/activestorage-3.10/bin/python3.10

    def test_getitem():
        """Unit test for class:Active."""
        # no variable passed
        uri = "tests/test_data/emac.nc"
        index = 3
        with pytest.raises(ValueError) as exc:
            active = Active(uri, ncvar=None)
>       assert str(exc.value) == "Must set a netCDF variable name to slice"
E       AssertionError: assert 'Must use exi....nc not found' == 'Must set a n...name to slice'
E         
E         - Must set a netCDF variable name to slice
E         + Must use existing file for uri. tests/test_data/emac.nc not found

../../../PyActiveStorage/tests/unit/test_active.py:49: AssertionError
_________________________________ test_method __________________________________
[gw1] darwin -- Python 3.10.20 /Users/dh935740@reading.ac.uk/miniconda3/envs/activestorage-3.10/bin/python3.10

    def test_method():
        """Unit test for class:Active."""
        uri = "tests/test_data/cesm2_native.nc"
        ncvar = "TREFHT"
>       active = Active(uri, ncvar=ncvar)

../../../PyActiveStorage/tests/unit/test_active.py:77: 
_ _ _ _ _ _ _ _ _ _ _ _ _ _ _ _ _ _ _ _ _ _ _ _ _ _ _ _ _ _ _ _ _ _ _ _ _ _ _ _ 

self = <activestorage.active.Active object at 0x10fdec1f0>
dataset = 'tests/test_data/cesm2_native.nc', ncvar = 'TREFHT', axis = None
interface_type = None, max_threads = 100, storage_options = None
active_storage_url = None, option_disable_chunk_cache = False

    def __init__(self,
                 dataset: Optional[str | Path | object],
                 ncvar: str = None,
                 axis: tuple = None,
                 interface_type: str = None,
                 max_threads: int = 100,
                 storage_options: dict = None,
                 active_storage_url: str = None,
                 option_disable_chunk_cache: bool = False) -> None:
        """
        Instantiate with a NetCDF4 dataset URI and the variable of interest within that file.
        (We need the variable, because we need variable specific metadata from within that
        file, however, if that information is available at instantiation, it can be provided
        using keywords and avoid a metadata read.)
    
        :param storage_options: s3fs.S3FileSystem options
        :param active_storage_url: Reductionist server URL
        :param option_disable_chunk_cache: flag to disable chunk caching
        """
        self.ds = None
        input_variable = False
        if dataset is None:
            raise ValueError(
                f"Must use a valid file name or variable object for dataset. Got {dataset!r}"
            )
        if isinstance(dataset, Path) and not dataset.exists():
            raise ValueError(f"Path to input file {dataset!r} does not exist.")
        if not isinstance(dataset, Path) and not isinstance(dataset, str):
            print(f"Treating input {dataset} as variable object.")
            if not type(dataset) is pyfive.high_level.Dataset:
                raise TypeError(
                    f"Variable object dataset can only be pyfive.high_level.Dataset. Got {dataset!r}"
                )
            input_variable = True
            self.ds = dataset
        self.uri = dataset
    
        # determine the interface_type
        # based on what we have available
        if not interface_type:
            if not input_variable:
                check_uri = self.uri
            else:
                check_uri = self.ds.id._filename
    
            # "special" case when we have to deal
            # with storage_options['client_kwargs']["endpoint_url"]
            if storage_options is not None and 'client_kwargs' in storage_options:
                if "endpoint_url" in storage_options['client_kwargs']:
                    base_url = storage_options['client_kwargs']["endpoint_url"]
                    if not input_variable:
                        check_uri = os.path.join(base_url, self.uri)
                    else:
                        check_uri = os.path.join(base_url,
                                                 self.ds.id._filename)
            interface_type = return_interface_type(check_uri)
    
        # still allow for a passable interface_type
        # for special cases eg "special-POSIX" ie DDN
        if not interface_type and storage_options is not None:
            interface_type = urllib.parse.urlparse(dataset).scheme
        self.interface_type = interface_type
    
        # set correct filename attr
        if input_variable and not self.interface_type:
            self.filename = self.ds
        elif input_variable and self.interface_type == "s3":
            self.filename = self.ds.id._filename
        elif input_variable and self.interface_type == "https":
            self.filename = self.ds.id._filename
    
        # get storage_options
        self.storage_options = storage_options
        self.active_storage_url = active_storage_url
    
        # turn off chunk caching
        self.option_disable_chunk_cache = option_disable_chunk_cache
    
        # basic check on file
        if not input_variable:
            if not os.path.isfile(self.uri) and not self.interface_type:
>               raise ValueError(
                    f"Must use existing file for uri. {self.uri} not found")
E               ValueError: Must use existing file for uri. tests/test_data/cesm2_native.nc not found

../../../miniconda3/envs/activestorage-3.10/lib/python3.10/site-packages/activestorage/active.py:268: ValueError
_________________________________ test_active __________________________________
[gw1] darwin -- Python 3.10.20 /Users/dh935740@reading.ac.uk/miniconda3/envs/activestorage-3.10/bin/python3.10

    def test_active():
        """Test with full complement of args."""
        uri = "tests/test_data/cesm2_native.nc"
        ncvar = "TREFHT"
>       active = Active(uri, ncvar=ncvar)

../../../PyActiveStorage/tests/unit/test_active.py:89: 
_ _ _ _ _ _ _ _ _ _ _ _ _ _ _ _ _ _ _ _ _ _ _ _ _ _ _ _ _ _ _ _ _ _ _ _ _ _ _ _ 

self = <activestorage.active.Active object at 0x11a5aab00>
dataset = 'tests/test_data/cesm2_native.nc', ncvar = 'TREFHT', axis = None
interface_type = None, max_threads = 100, storage_options = None
active_storage_url = None, option_disable_chunk_cache = False

    def __init__(self,
                 dataset: Optional[str | Path | object],
                 ncvar: str = None,
                 axis: tuple = None,
                 interface_type: str = None,
                 max_threads: int = 100,
                 storage_options: dict = None,
                 active_storage_url: str = None,
                 option_disable_chunk_cache: bool = False) -> None:
        """
        Instantiate with a NetCDF4 dataset URI and the variable of interest within that file.
        (We need the variable, because we need variable specific metadata from within that
        file, however, if that information is available at instantiation, it can be provided
        using keywords and avoid a metadata read.)
    
        :param storage_options: s3fs.S3FileSystem options
        :param active_storage_url: Reductionist server URL
        :param option_disable_chunk_cache: flag to disable chunk caching
        """
        self.ds = None
        input_variable = False
        if dataset is None:
            raise ValueError(
                f"Must use a valid file name or variable object for dataset. Got {dataset!r}"
            )
        if isinstance(dataset, Path) and not dataset.exists():
            raise ValueError(f"Path to input file {dataset!r} does not exist.")
        if not isinstance(dataset, Path) and not isinstance(dataset, str):
            print(f"Treating input {dataset} as variable object.")
            if not type(dataset) is pyfive.high_level.Dataset:
                raise TypeError(
                    f"Variable object dataset can only be pyfive.high_level.Dataset. Got {dataset!r}"
                )
            input_variable = True
            self.ds = dataset
        self.uri = dataset
    
        # determine the interface_type
        # based on what we have available
        if not interface_type:
            if not input_variable:
                check_uri = self.uri
            else:
                check_uri = self.ds.id._filename
    
            # "special" case when we have to deal
            # with storage_options['client_kwargs']["endpoint_url"]
            if storage_options is not None and 'client_kwargs' in storage_options:
                if "endpoint_url" in storage_options['client_kwargs']:
                    base_url = storage_options['client_kwargs']["endpoint_url"]
                    if not input_variable:
                        check_uri = os.path.join(base_url, self.uri)
                    else:
                        check_uri = os.path.join(base_url,
                                                 self.ds.id._filename)
            interface_type = return_interface_type(check_uri)
    
        # still allow for a passable interface_type
        # for special cases eg "special-POSIX" ie DDN
        if not interface_type and storage_options is not None:
            interface_type = urllib.parse.urlparse(dataset).scheme
        self.interface_type = interface_type
    
        # set correct filename attr
        if input_variable and not self.interface_type:
            self.filename = self.ds
        elif input_variable and self.interface_type == "s3":
            self.filename = self.ds.id._filename
        elif input_variable and self.interface_type == "https":
            self.filename = self.ds.id._filename
    
        # get storage_options
        self.storage_options = storage_options
        self.active_storage_url = active_storage_url
    
        # turn off chunk caching
        self.option_disable_chunk_cache = option_disable_chunk_cache
    
        # basic check on file
        if not input_variable:
            if not os.path.isfile(self.uri) and not self.interface_type:
>               raise ValueError(
                    f"Must use existing file for uri. {self.uri} not found")
E               ValueError: Must use existing file for uri. tests/test_data/cesm2_native.nc not found

../../../miniconda3/envs/activestorage-3.10/lib/python3.10/site-packages/activestorage/active.py:268: ValueError
_________________________ test_activevariable_netCDF4 __________________________
[gw1] darwin -- Python 3.10.20 /Users/dh935740@reading.ac.uk/miniconda3/envs/activestorage-3.10/bin/python3.10

    def test_activevariable_netCDF4():
        uri = "tests/test_data/cesm2_native.nc"
        ncvar = "TREFHT"
>       ds = Dataset(uri)[ncvar]

../../../PyActiveStorage/tests/unit/test_active.py:96: 
_ _ _ _ _ _ _ _ _ _ _ _ _ _ _ _ _ _ _ _ _ _ _ _ _ _ _ _ _ _ _ _ _ _ _ _ _ _ _ _ 
src/netCDF4/_netCDF4.pyx:2522: in netCDF4._netCDF4.Dataset.__init__
    ???
_ _ _ _ _ _ _ _ _ _ _ _ _ _ _ _ _ _ _ _ _ _ _ _ _ _ _ _ _ _ _ _ _ _ _ _ _ _ _ _ 

>   ???
E   FileNotFoundError: [Errno 2] No such file or directory: 'tests/test_data/cesm2_native.nc'

src/netCDF4/_netCDF4.pyx:2159: FileNotFoundError
__________________________ test_activevariable_pyfive __________________________
[gw1] darwin -- Python 3.10.20 /Users/dh935740@reading.ac.uk/miniconda3/envs/activestorage-3.10/bin/python3.10

    def test_activevariable_pyfive():
        uri = "tests/test_data/cesm2_native.nc"
        ncvar = "TREFHT"
>       ds = pyfive.File(uri)[ncvar]

../../../PyActiveStorage/tests/unit/test_active.py:106: 
_ _ _ _ _ _ _ _ _ _ _ _ _ _ _ _ _ _ _ _ _ _ _ _ _ _ _ _ _ _ _ _ _ _ _ _ _ _ _ _ 

self = <[AttributeError("'File' object has no attribute 'filename'") raised in repr()] File object at 0x10fd90ee0>
filename = 'tests/test_data/cesm2_native.nc', mode = 'r'
metadata_buffer_size = 1

    def __init__(
        self,
        filename: str | BinaryIO | MetadataBufferingWrapper,
        mode: str = "r",
        metadata_buffer_size: int = 1,
    ) -> None:
        """initalize."""
        if mode != "r":
            raise NotImplementedError(
                "pyfive only provides support for reading and treats all reads as binary"
            )
        self._close = False
        if hasattr(filename, "read"):
            if not hasattr(filename, "seek"):
                raise ValueError("File like object must have a seek method")
            fh = cast(BinaryIO, filename)
            self.filename = getattr(filename, "name", "None")
        else:
>           fh = open(filename, "rb")
E           FileNotFoundError: [Errno 2] No such file or directory: 'tests/test_data/cesm2_native.nc'

../../../miniconda3/envs/activestorage-3.10/lib/python3.10/site-packages/pyfive/high_level.py:274: FileNotFoundError
=============================== warnings summary ===============================
tests/test_real_s3_with_axes.py::test_small_file_axis_0_1
tests/test_real_s3_with_axes.py::test_test1_file_axis_0_1
tests/test_real_s3_with_axes.py::test_small_file_axis_0_1_compare_with_numpy
tests/test_real_s3_with_axes.py::test_no_axis
tests/test_real_s3_with_axes.py::test_axis_0_1
tests/test_real_s3_with_axes.py::test_axis_0_1_2
  /Users/dh935740@reading.ac.uk/miniconda3/envs/activestorage-3.10/lib/python3.10/site-packages/urllib3/connectionpool.py:1097: InsecureRequestWarning: Unverified HTTPS request is being made to host 'reductionist.jasmin.ac.uk'. Adding certificate verification is strongly advised. See: https://urllib3.readthedocs.io/en/latest/advanced-usage.html#tls-warnings
    warnings.warn(

-- Docs: https://docs.pytest.org/en/stable/how-to/capture-warnings.html
================================ tests coverage ================================
______________ coverage: platform darwin, python 3.10.20-final-0 _______________

Coverage HTML written to dir test-reports/coverage_html
Coverage XML written to file test-reports/coverage.xml
- Generated html report: file:///Users/dh935740%40reading.ac.uk/testing_PyActiveStorage/tests_Varsiha/GHA-emulator/test-reports/report.html -
=========================== short test summary info ============================
FAILED ../../../PyActiveStorage/tests/s3_exploratory/test_s3_reduction.py::test_with_valid_netCDF_file
FAILED ../../../PyActiveStorage/tests/s3_exploratory/test_s3_arrange_files.py::test_create_files
FAILED ../../../PyActiveStorage/tests/test_real_s3_with_axes.py::test_small_file_axis_0_1_compare_with_numpy
FAILED ../../../PyActiveStorage/tests/s3_exploratory/test_s3_performance.py::test_Active_s3_v0
FAILED ../../../PyActiveStorage/tests/s3_exploratory/test_s3_performance.py::test_Active_s3_v1
FAILED ../../../PyActiveStorage/tests/s3_exploratory/test_s3_performance.py::test_Active_s3_v2
FAILED ../../../PyActiveStorage/tests/s3_exploratory/test_s3_reduction.py::test_Active
FAILED ../../../PyActiveStorage/tests/unit/test_active.py::test_activevariable_pyfive_with_attributed_min
FAILED ../../../PyActiveStorage/tests/unit/test_active.py::test_activevariable_pyfive_with_attributed_mean
FAILED ../../../PyActiveStorage/tests/unit/test_mock_s3.py::test_s3file_with_s3fs
FAILED ../../../PyActiveStorage/tests/unit/test_storage.py::test_reduce_chunk
FAILED ../../../PyActiveStorage/tests/unit/test_storage.py::test_reduced_chunk_masked_data
FAILED ../../../PyActiveStorage/tests/unit/test_storage.py::test_reduced_chunk_fully_masked_data_fill
FAILED ../../../PyActiveStorage/tests/unit/test_storage.py::test_reduced_chunk_fully_masked_data_missing
FAILED ../../../PyActiveStorage/tests/unit/test_storage.py::test_reduced_chunk_fully_masked_data_vmin
FAILED ../../../PyActiveStorage/tests/unit/test_storage.py::test_reduced_chunk_fully_masked_data_vmax
FAILED ../../../PyActiveStorage/tests/unit/test_storage.py::test_zero_data - ...
FAILED ../../../PyActiveStorage/tests/unit/test_active.py::test_get_missing_attributes
FAILED ../../../PyActiveStorage/tests/unit/test_active.py::test_getitem - Ass...
FAILED ../../../PyActiveStorage/tests/unit/test_active.py::test_method - Valu...
FAILED ../../../PyActiveStorage/tests/unit/test_active.py::test_active - Valu...
FAILED ../../../PyActiveStorage/tests/unit/test_active.py::test_activevariable_netCDF4
FAILED ../../../PyActiveStorage/tests/unit/test_active.py::test_activevariable_pyfive
ERROR ../../../PyActiveStorage/tests/unit/test_active_axis.py - FileNotFoundE...
ERROR ../../../PyActiveStorage/tests/unit/test_active_axis.py - FileNotFoundE...
= 23 failed, 76 passed, 5 skipped, 8 xfailed, 6 warnings, 2 errors in 190.93s (0:03:10) =
=== [Python 3.10] EXIT CODE: 1 ===
