Run 1:
S3 Test file path: bnl/ch330a.pc19790301-bnl.nc
Target Variable: UM_m01s16i202_vn1106
Dataset loaded from S3 with s3fs and Pyfive: bnl/ch330a.pc19790301-bnl.nc (0.27,8.6)
Loaded dataset <HDF5 dataset "UM_m01s16i202_vn1106": shape (40, 1920, 2560), type "float32">
Reductionist error: HTTP 503: -
Traceback (most recent call last):
  File "/Users/dh935740@reading.ac.uk/miniconda3/envs/activestorage/lib/python3.14/site-packages/requests/models.py", line 965, in json
    return complexjson.loads(self.content.decode(encoding), **kwargs)
           ~~~~~~~~~~~~~~~~~^^^^^^^^^^^^^^^^^^^^^^^^^^^^^^^^^^^^^^^^^
  File "/Users/dh935740@reading.ac.uk/miniconda3/envs/activestorage/lib/python3.14/json/__init__.py", line 352, in loads
    return _default_decoder.decode(s)
           ~~~~~~~~~~~~~~~~~~~~~~~^^^
  File "/Users/dh935740@reading.ac.uk/miniconda3/envs/activestorage/lib/python3.14/json/decoder.py", line 345, in decode
    obj, end = self.raw_decode(s, idx=_w(s, 0).end())
               ~~~~~~~~~~~~~~~^^^^^^^^^^^^^^^^^^^^^^^
  File "/Users/dh935740@reading.ac.uk/miniconda3/envs/activestorage/lib/python3.14/json/decoder.py", line 363, in raw_decode
    raise JSONDecodeError("Expecting value", s, err.value) from None
json.decoder.JSONDecodeError: Expecting value: line 1 column 1 (char 0)

During handling of the above exception, another exception occurred:

Traceback (most recent call last):
  File "/Users/dh935740@reading.ac.uk/PyActiveStorage/activestorage/reductionist.py", line 259, in decode_and_raise_error
    error = json.dumps(response.json())
                       ~~~~~~~~~~~~~^^
  File "/Users/dh935740@reading.ac.uk/miniconda3/envs/activestorage/lib/python3.14/site-packages/requests/models.py", line 973, in json
    raise RequestsJSONDecodeError(e.msg, e.doc, e.pos)
requests.exceptions.JSONDecodeError: Expecting value: line 1 column 1 (char 0)

The above exception was the direct cause of the following exception:

Traceback (most recent call last):
  File "/Users/dh935740@reading.ac.uk/testing_PyActiveStorage/tests_Varsiha/scripts/run_new_tenancy.py", line 85, in <module>
    final_result = test_s3_file(target_file, target_var, active_slices)
  File "/Users/dh935740@reading.ac.uk/testing_PyActiveStorage/tests_Varsiha/scripts/run_new_tenancy.py", line 38, in test_s3_file
    result = active[sample_slice]
             ~~~~~~^^^^^^^^^^^^^^
  File "/Users/dh935740@reading.ac.uk/PyActiveStorage/activestorage/active.py", line 336, in __getitem__
    return self._get_selection(index)
           ~~~~~~~~~~~~~~~~~~~^^^^^^^
  File "/Users/dh935740@reading.ac.uk/PyActiveStorage/activestorage/active.py", line 467, in _get_selection
    return self._from_storage(ds, indexer, array._chunks, out_shape, dtype,
           ~~~~~~~~~~~~~~~~~~^^^^^^^^^^^^^^^^^^^^^^^^^^^^^^^^^^^^^^^^^^^^^^
                              compressor, filters, drop_axes, self._axis)
                              ^^^^^^^^^^^^^^^^^^^^^^^^^^^^^^^^^^^^^^^^^^^
  File "/Users/dh935740@reading.ac.uk/PyActiveStorage/activestorage/active.py", line 570, in _from_storage
    result, count, out_selection = future.result()
                                   ~~~~~~~~~~~~~^^
  File "/Users/dh935740@reading.ac.uk/miniconda3/envs/activestorage/lib/python3.14/concurrent/futures/_base.py", line 443, in result
    return self.__get_result()
           ~~~~~~~~~~~~~~~~~^^
  File "/Users/dh935740@reading.ac.uk/miniconda3/envs/activestorage/lib/python3.14/concurrent/futures/_base.py", line 395, in __get_result
    raise self._exception
  File "/Users/dh935740@reading.ac.uk/miniconda3/envs/activestorage/lib/python3.14/concurrent/futures/thread.py", line 86, in run
    result = ctx.run(self.task)
  File "/Users/dh935740@reading.ac.uk/miniconda3/envs/activestorage/lib/python3.14/concurrent/futures/thread.py", line 73, in run
    return fn(*args, **kwargs)
  File "/Users/dh935740@reading.ac.uk/PyActiveStorage/activestorage/active.py", line 711, in _process_chunk
    tmp, count = reductionist.reduce_chunk(
                 ~~~~~~~~~~~~~~~~~~~~~~~~~^
        session,
        ^^^^^^^^
    ...<11 lines>...
        axis,
        ^^^^^
        operation=self._method)
        ^^^^^^^^^^^^^^^^^^^^^^^
  File "/Users/dh935740@reading.ac.uk/PyActiveStorage/activestorage/reductionist.py", line 99, in reduce_chunk
    decode_and_raise_error(response)
    ~~~~~~~~~~~~~~~~~~~~~~^^^^^^^^^^
  File "/Users/dh935740@reading.ac.uk/PyActiveStorage/activestorage/reductionist.py", line 262, in decode_and_raise_error
    raise ReductionistError(response.status_code, "-") from exc
activestorage.reductionist.ReductionistError: Reductionist error: HTTP 503: -
       29.89 real         7.12 user         2.76 sys
           387825664  maximum resident set size
                   0  average shared memory size
                   0  average unshared data size
                   0  average unshared stack size
               49138  page reclaims
                   1  page faults
                   0  swaps
                   0  block input operations
                   0  block output operations
                9207  messages sent
               96509  messages received
                   0  signals received
                3622  voluntary context switches
              198477  involuntary context switches
         64016577624  instructions retired
         25971241782  cycles elapsed
           239207408  peak memory footprint
----------------------
Run 2:
S3 Test file path: bnl/ch330a.pc19790301-bnl.nc
Target Variable: UM_m01s16i202_vn1106
Dataset loaded from S3 with s3fs and Pyfive: bnl/ch330a.pc19790301-bnl.nc (0.14,3.9)
Loaded dataset <HDF5 dataset "UM_m01s16i202_vn1106": shape (40, 1920, 2560), type "float32">
Reductionist error: HTTP 503: -
Traceback (most recent call last):
  File "/Users/dh935740@reading.ac.uk/miniconda3/envs/activestorage/lib/python3.14/site-packages/requests/models.py", line 965, in json
    return complexjson.loads(self.content.decode(encoding), **kwargs)
           ~~~~~~~~~~~~~~~~~^^^^^^^^^^^^^^^^^^^^^^^^^^^^^^^^^^^^^^^^^
  File "/Users/dh935740@reading.ac.uk/miniconda3/envs/activestorage/lib/python3.14/json/__init__.py", line 352, in loads
    return _default_decoder.decode(s)
           ~~~~~~~~~~~~~~~~~~~~~~~^^^
  File "/Users/dh935740@reading.ac.uk/miniconda3/envs/activestorage/lib/python3.14/json/decoder.py", line 345, in decode
    obj, end = self.raw_decode(s, idx=_w(s, 0).end())
               ~~~~~~~~~~~~~~~^^^^^^^^^^^^^^^^^^^^^^^
  File "/Users/dh935740@reading.ac.uk/miniconda3/envs/activestorage/lib/python3.14/json/decoder.py", line 363, in raw_decode
    raise JSONDecodeError("Expecting value", s, err.value) from None
json.decoder.JSONDecodeError: Expecting value: line 1 column 1 (char 0)

During handling of the above exception, another exception occurred:

Traceback (most recent call last):
  File "/Users/dh935740@reading.ac.uk/PyActiveStorage/activestorage/reductionist.py", line 259, in decode_and_raise_error
    error = json.dumps(response.json())
                       ~~~~~~~~~~~~~^^
  File "/Users/dh935740@reading.ac.uk/miniconda3/envs/activestorage/lib/python3.14/site-packages/requests/models.py", line 973, in json
    raise RequestsJSONDecodeError(e.msg, e.doc, e.pos)
requests.exceptions.JSONDecodeError: Expecting value: line 1 column 1 (char 0)

The above exception was the direct cause of the following exception:

Traceback (most recent call last):
  File "/Users/dh935740@reading.ac.uk/testing_PyActiveStorage/tests_Varsiha/scripts/run_new_tenancy.py", line 85, in <module>
    final_result = test_s3_file(target_file, target_var, active_slices)
  File "/Users/dh935740@reading.ac.uk/testing_PyActiveStorage/tests_Varsiha/scripts/run_new_tenancy.py", line 38, in test_s3_file
    result = active[sample_slice]
             ~~~~~~^^^^^^^^^^^^^^
  File "/Users/dh935740@reading.ac.uk/PyActiveStorage/activestorage/active.py", line 336, in __getitem__
    return self._get_selection(index)
           ~~~~~~~~~~~~~~~~~~~^^^^^^^
  File "/Users/dh935740@reading.ac.uk/PyActiveStorage/activestorage/active.py", line 467, in _get_selection
    return self._from_storage(ds, indexer, array._chunks, out_shape, dtype,
           ~~~~~~~~~~~~~~~~~~^^^^^^^^^^^^^^^^^^^^^^^^^^^^^^^^^^^^^^^^^^^^^^
                              compressor, filters, drop_axes, self._axis)
                              ^^^^^^^^^^^^^^^^^^^^^^^^^^^^^^^^^^^^^^^^^^^
  File "/Users/dh935740@reading.ac.uk/PyActiveStorage/activestorage/active.py", line 570, in _from_storage
    result, count, out_selection = future.result()
                                   ~~~~~~~~~~~~~^^
  File "/Users/dh935740@reading.ac.uk/miniconda3/envs/activestorage/lib/python3.14/concurrent/futures/_base.py", line 443, in result
    return self.__get_result()
           ~~~~~~~~~~~~~~~~~^^
  File "/Users/dh935740@reading.ac.uk/miniconda3/envs/activestorage/lib/python3.14/concurrent/futures/_base.py", line 395, in __get_result
    raise self._exception
  File "/Users/dh935740@reading.ac.uk/miniconda3/envs/activestorage/lib/python3.14/concurrent/futures/thread.py", line 86, in run
    result = ctx.run(self.task)
  File "/Users/dh935740@reading.ac.uk/miniconda3/envs/activestorage/lib/python3.14/concurrent/futures/thread.py", line 73, in run
    return fn(*args, **kwargs)
  File "/Users/dh935740@reading.ac.uk/PyActiveStorage/activestorage/active.py", line 711, in _process_chunk
    tmp, count = reductionist.reduce_chunk(
                 ~~~~~~~~~~~~~~~~~~~~~~~~~^
        session,
        ^^^^^^^^
    ...<11 lines>...
        axis,
        ^^^^^
        operation=self._method)
        ^^^^^^^^^^^^^^^^^^^^^^^
  File "/Users/dh935740@reading.ac.uk/PyActiveStorage/activestorage/reductionist.py", line 99, in reduce_chunk
    decode_and_raise_error(response)
    ~~~~~~~~~~~~~~~~~~~~~~^^^^^^^^^^
  File "/Users/dh935740@reading.ac.uk/PyActiveStorage/activestorage/reductionist.py", line 262, in decode_and_raise_error
    raise ReductionistError(response.status_code, "-") from exc
activestorage.reductionist.ReductionistError: Reductionist error: HTTP 503: -
       18.41 real         4.79 user         1.53 sys
           408666112  maximum resident set size
                   0  average shared memory size
                   0  average unshared data size
                   0  average unshared stack size
               52654  page reclaims
                   1  page faults
                   0  swaps
                   0  block input operations
                   0  block output operations
                9415  messages sent
               78416  messages received
                   0  signals received
                3701  voluntary context switches
              197241  involuntary context switches
         64513805811  instructions retired
         23165661142  cycles elapsed
           239896784  peak memory footprint
----------------------
Run 3:
S3 Test file path: bnl/ch330a.pc19790301-bnl.nc
Target Variable: UM_m01s16i202_vn1106
Dataset loaded from S3 with s3fs and Pyfive: bnl/ch330a.pc19790301-bnl.nc (0.15,4.1)
Loaded dataset <HDF5 dataset "UM_m01s16i202_vn1106": shape (40, 1920, 2560), type "float32">
Reductionist error: HTTP 503: -
Traceback (most recent call last):
  File "/Users/dh935740@reading.ac.uk/miniconda3/envs/activestorage/lib/python3.14/site-packages/requests/models.py", line 965, in json
    return complexjson.loads(self.content.decode(encoding), **kwargs)
           ~~~~~~~~~~~~~~~~~^^^^^^^^^^^^^^^^^^^^^^^^^^^^^^^^^^^^^^^^^
  File "/Users/dh935740@reading.ac.uk/miniconda3/envs/activestorage/lib/python3.14/json/__init__.py", line 352, in loads
    return _default_decoder.decode(s)
           ~~~~~~~~~~~~~~~~~~~~~~~^^^
  File "/Users/dh935740@reading.ac.uk/miniconda3/envs/activestorage/lib/python3.14/json/decoder.py", line 345, in decode
    obj, end = self.raw_decode(s, idx=_w(s, 0).end())
               ~~~~~~~~~~~~~~~^^^^^^^^^^^^^^^^^^^^^^^
  File "/Users/dh935740@reading.ac.uk/miniconda3/envs/activestorage/lib/python3.14/json/decoder.py", line 363, in raw_decode
    raise JSONDecodeError("Expecting value", s, err.value) from None
json.decoder.JSONDecodeError: Expecting value: line 1 column 1 (char 0)

During handling of the above exception, another exception occurred:

Traceback (most recent call last):
  File "/Users/dh935740@reading.ac.uk/PyActiveStorage/activestorage/reductionist.py", line 259, in decode_and_raise_error
    error = json.dumps(response.json())
                       ~~~~~~~~~~~~~^^
  File "/Users/dh935740@reading.ac.uk/miniconda3/envs/activestorage/lib/python3.14/site-packages/requests/models.py", line 973, in json
    raise RequestsJSONDecodeError(e.msg, e.doc, e.pos)
requests.exceptions.JSONDecodeError: Expecting value: line 1 column 1 (char 0)

The above exception was the direct cause of the following exception:

Traceback (most recent call last):
  File "/Users/dh935740@reading.ac.uk/testing_PyActiveStorage/tests_Varsiha/scripts/run_new_tenancy.py", line 85, in <module>
    final_result = test_s3_file(target_file, target_var, active_slices)
  File "/Users/dh935740@reading.ac.uk/testing_PyActiveStorage/tests_Varsiha/scripts/run_new_tenancy.py", line 38, in test_s3_file
    result = active[sample_slice]
             ~~~~~~^^^^^^^^^^^^^^
  File "/Users/dh935740@reading.ac.uk/PyActiveStorage/activestorage/active.py", line 336, in __getitem__
    return self._get_selection(index)
           ~~~~~~~~~~~~~~~~~~~^^^^^^^
  File "/Users/dh935740@reading.ac.uk/PyActiveStorage/activestorage/active.py", line 467, in _get_selection
    return self._from_storage(ds, indexer, array._chunks, out_shape, dtype,
           ~~~~~~~~~~~~~~~~~~^^^^^^^^^^^^^^^^^^^^^^^^^^^^^^^^^^^^^^^^^^^^^^
                              compressor, filters, drop_axes, self._axis)
                              ^^^^^^^^^^^^^^^^^^^^^^^^^^^^^^^^^^^^^^^^^^^
  File "/Users/dh935740@reading.ac.uk/PyActiveStorage/activestorage/active.py", line 570, in _from_storage
    result, count, out_selection = future.result()
                                   ~~~~~~~~~~~~~^^
  File "/Users/dh935740@reading.ac.uk/miniconda3/envs/activestorage/lib/python3.14/concurrent/futures/_base.py", line 443, in result
    return self.__get_result()
           ~~~~~~~~~~~~~~~~~^^
  File "/Users/dh935740@reading.ac.uk/miniconda3/envs/activestorage/lib/python3.14/concurrent/futures/_base.py", line 395, in __get_result
    raise self._exception
  File "/Users/dh935740@reading.ac.uk/miniconda3/envs/activestorage/lib/python3.14/concurrent/futures/thread.py", line 86, in run
    result = ctx.run(self.task)
  File "/Users/dh935740@reading.ac.uk/miniconda3/envs/activestorage/lib/python3.14/concurrent/futures/thread.py", line 73, in run
    return fn(*args, **kwargs)
  File "/Users/dh935740@reading.ac.uk/PyActiveStorage/activestorage/active.py", line 711, in _process_chunk
    tmp, count = reductionist.reduce_chunk(
                 ~~~~~~~~~~~~~~~~~~~~~~~~~^
        session,
        ^^^^^^^^
    ...<11 lines>...
        axis,
        ^^^^^
        operation=self._method)
        ^^^^^^^^^^^^^^^^^^^^^^^
  File "/Users/dh935740@reading.ac.uk/PyActiveStorage/activestorage/reductionist.py", line 99, in reduce_chunk
    decode_and_raise_error(response)
    ~~~~~~~~~~~~~~~~~~~~~~^^^^^^^^^^
  File "/Users/dh935740@reading.ac.uk/PyActiveStorage/activestorage/reductionist.py", line 262, in decode_and_raise_error
    raise ReductionistError(response.status_code, "-") from exc
activestorage.reductionist.ReductionistError: Reductionist error: HTTP 503: -
       16.18 real         4.83 user         1.45 sys
           382451712  maximum resident set size
                   0  average shared memory size
                   0  average unshared data size
                   0  average unshared stack size
               44194  page reclaims
                  13  page faults
                   0  swaps
                   0  block input operations
                   0  block output operations
                9695  messages sent
               74261  messages received
                   0  signals received
                3828  voluntary context switches
              195568  involuntary context switches
         67126481589  instructions retired
         23906827937  cycles elapsed
           224068592  peak memory footprint
----------------------
Run 4:
S3 Test file path: bnl/ch330a.pc19790301-bnl.nc
Target Variable: UM_m01s16i202_vn1106
Dataset loaded from S3 with s3fs and Pyfive: bnl/ch330a.pc19790301-bnl.nc (0.15,4.1)
Loaded dataset <HDF5 dataset "UM_m01s16i202_vn1106": shape (40, 1920, 2560), type "float32">
Reductionist error: HTTP 503: -
Traceback (most recent call last):
  File "/Users/dh935740@reading.ac.uk/miniconda3/envs/activestorage/lib/python3.14/site-packages/requests/models.py", line 965, in json
    return complexjson.loads(self.content.decode(encoding), **kwargs)
           ~~~~~~~~~~~~~~~~~^^^^^^^^^^^^^^^^^^^^^^^^^^^^^^^^^^^^^^^^^
  File "/Users/dh935740@reading.ac.uk/miniconda3/envs/activestorage/lib/python3.14/json/__init__.py", line 352, in loads
    return _default_decoder.decode(s)
           ~~~~~~~~~~~~~~~~~~~~~~~^^^
  File "/Users/dh935740@reading.ac.uk/miniconda3/envs/activestorage/lib/python3.14/json/decoder.py", line 345, in decode
    obj, end = self.raw_decode(s, idx=_w(s, 0).end())
               ~~~~~~~~~~~~~~~^^^^^^^^^^^^^^^^^^^^^^^
  File "/Users/dh935740@reading.ac.uk/miniconda3/envs/activestorage/lib/python3.14/json/decoder.py", line 363, in raw_decode
    raise JSONDecodeError("Expecting value", s, err.value) from None
json.decoder.JSONDecodeError: Expecting value: line 1 column 1 (char 0)

During handling of the above exception, another exception occurred:

Traceback (most recent call last):
  File "/Users/dh935740@reading.ac.uk/PyActiveStorage/activestorage/reductionist.py", line 259, in decode_and_raise_error
    error = json.dumps(response.json())
                       ~~~~~~~~~~~~~^^
  File "/Users/dh935740@reading.ac.uk/miniconda3/envs/activestorage/lib/python3.14/site-packages/requests/models.py", line 973, in json
    raise RequestsJSONDecodeError(e.msg, e.doc, e.pos)
requests.exceptions.JSONDecodeError: Expecting value: line 1 column 1 (char 0)

The above exception was the direct cause of the following exception:

Traceback (most recent call last):
  File "/Users/dh935740@reading.ac.uk/testing_PyActiveStorage/tests_Varsiha/scripts/run_new_tenancy.py", line 85, in <module>
    final_result = test_s3_file(target_file, target_var, active_slices)
  File "/Users/dh935740@reading.ac.uk/testing_PyActiveStorage/tests_Varsiha/scripts/run_new_tenancy.py", line 38, in test_s3_file
    result = active[sample_slice]
             ~~~~~~^^^^^^^^^^^^^^
  File "/Users/dh935740@reading.ac.uk/PyActiveStorage/activestorage/active.py", line 336, in __getitem__
    return self._get_selection(index)
           ~~~~~~~~~~~~~~~~~~~^^^^^^^
  File "/Users/dh935740@reading.ac.uk/PyActiveStorage/activestorage/active.py", line 467, in _get_selection
    return self._from_storage(ds, indexer, array._chunks, out_shape, dtype,
           ~~~~~~~~~~~~~~~~~~^^^^^^^^^^^^^^^^^^^^^^^^^^^^^^^^^^^^^^^^^^^^^^
                              compressor, filters, drop_axes, self._axis)
                              ^^^^^^^^^^^^^^^^^^^^^^^^^^^^^^^^^^^^^^^^^^^
  File "/Users/dh935740@reading.ac.uk/PyActiveStorage/activestorage/active.py", line 570, in _from_storage
    result, count, out_selection = future.result()
                                   ~~~~~~~~~~~~~^^
  File "/Users/dh935740@reading.ac.uk/miniconda3/envs/activestorage/lib/python3.14/concurrent/futures/_base.py", line 443, in result
    return self.__get_result()
           ~~~~~~~~~~~~~~~~~^^
  File "/Users/dh935740@reading.ac.uk/miniconda3/envs/activestorage/lib/python3.14/concurrent/futures/_base.py", line 395, in __get_result
    raise self._exception
  File "/Users/dh935740@reading.ac.uk/miniconda3/envs/activestorage/lib/python3.14/concurrent/futures/thread.py", line 86, in run
    result = ctx.run(self.task)
  File "/Users/dh935740@reading.ac.uk/miniconda3/envs/activestorage/lib/python3.14/concurrent/futures/thread.py", line 73, in run
    return fn(*args, **kwargs)
  File "/Users/dh935740@reading.ac.uk/PyActiveStorage/activestorage/active.py", line 711, in _process_chunk
    tmp, count = reductionist.reduce_chunk(
                 ~~~~~~~~~~~~~~~~~~~~~~~~~^
        session,
        ^^^^^^^^
    ...<11 lines>...
        axis,
        ^^^^^
        operation=self._method)
        ^^^^^^^^^^^^^^^^^^^^^^^
  File "/Users/dh935740@reading.ac.uk/PyActiveStorage/activestorage/reductionist.py", line 99, in reduce_chunk
    decode_and_raise_error(response)
    ~~~~~~~~~~~~~~~~~~~~~~^^^^^^^^^^
  File "/Users/dh935740@reading.ac.uk/PyActiveStorage/activestorage/reductionist.py", line 262, in decode_and_raise_error
    raise ReductionistError(response.status_code, "-") from exc
activestorage.reductionist.ReductionistError: Reductionist error: HTTP 503: -
       17.12 real         8.43 user         1.98 sys
           943439872  maximum resident set size
                   0  average shared memory size
                   0  average unshared data size
                   0  average unshared stack size
               86308  page reclaims
                   1  page faults
                   0  swaps
                   0  block input operations
                   0  block output operations
               14495  messages sent
               91152  messages received
                   0  signals received
                6178  voluntary context switches
              236765  involuntary context switches
        116446354378  instructions retired
         38305986504  cycles elapsed
           776850024  peak memory footprint
----------------------
Run 5:
S3 Test file path: bnl/ch330a.pc19790301-bnl.nc
Target Variable: UM_m01s16i202_vn1106
Dataset loaded from S3 with s3fs and Pyfive: bnl/ch330a.pc19790301-bnl.nc (0.15,3.9)
Loaded dataset <HDF5 dataset "UM_m01s16i202_vn1106": shape (40, 1920, 2560), type "float32">
Reductionist error: HTTP 503: -
Traceback (most recent call last):
  File "/Users/dh935740@reading.ac.uk/miniconda3/envs/activestorage/lib/python3.14/site-packages/requests/models.py", line 965, in json
    return complexjson.loads(self.content.decode(encoding), **kwargs)
           ~~~~~~~~~~~~~~~~~^^^^^^^^^^^^^^^^^^^^^^^^^^^^^^^^^^^^^^^^^
  File "/Users/dh935740@reading.ac.uk/miniconda3/envs/activestorage/lib/python3.14/json/__init__.py", line 352, in loads
    return _default_decoder.decode(s)
           ~~~~~~~~~~~~~~~~~~~~~~~^^^
  File "/Users/dh935740@reading.ac.uk/miniconda3/envs/activestorage/lib/python3.14/json/decoder.py", line 345, in decode
    obj, end = self.raw_decode(s, idx=_w(s, 0).end())
               ~~~~~~~~~~~~~~~^^^^^^^^^^^^^^^^^^^^^^^
  File "/Users/dh935740@reading.ac.uk/miniconda3/envs/activestorage/lib/python3.14/json/decoder.py", line 363, in raw_decode
    raise JSONDecodeError("Expecting value", s, err.value) from None
json.decoder.JSONDecodeError: Expecting value: line 1 column 1 (char 0)

During handling of the above exception, another exception occurred:

Traceback (most recent call last):
  File "/Users/dh935740@reading.ac.uk/PyActiveStorage/activestorage/reductionist.py", line 259, in decode_and_raise_error
    error = json.dumps(response.json())
                       ~~~~~~~~~~~~~^^
  File "/Users/dh935740@reading.ac.uk/miniconda3/envs/activestorage/lib/python3.14/site-packages/requests/models.py", line 973, in json
    raise RequestsJSONDecodeError(e.msg, e.doc, e.pos)
requests.exceptions.JSONDecodeError: Expecting value: line 1 column 1 (char 0)

The above exception was the direct cause of the following exception:

Traceback (most recent call last):
  File "/Users/dh935740@reading.ac.uk/testing_PyActiveStorage/tests_Varsiha/scripts/run_new_tenancy.py", line 85, in <module>
    final_result = test_s3_file(target_file, target_var, active_slices)
  File "/Users/dh935740@reading.ac.uk/testing_PyActiveStorage/tests_Varsiha/scripts/run_new_tenancy.py", line 38, in test_s3_file
    result = active[sample_slice]
             ~~~~~~^^^^^^^^^^^^^^
  File "/Users/dh935740@reading.ac.uk/PyActiveStorage/activestorage/active.py", line 336, in __getitem__
    return self._get_selection(index)
           ~~~~~~~~~~~~~~~~~~~^^^^^^^
  File "/Users/dh935740@reading.ac.uk/PyActiveStorage/activestorage/active.py", line 467, in _get_selection
    return self._from_storage(ds, indexer, array._chunks, out_shape, dtype,
           ~~~~~~~~~~~~~~~~~~^^^^^^^^^^^^^^^^^^^^^^^^^^^^^^^^^^^^^^^^^^^^^^
                              compressor, filters, drop_axes, self._axis)
                              ^^^^^^^^^^^^^^^^^^^^^^^^^^^^^^^^^^^^^^^^^^^
  File "/Users/dh935740@reading.ac.uk/PyActiveStorage/activestorage/active.py", line 570, in _from_storage
    result, count, out_selection = future.result()
                                   ~~~~~~~~~~~~~^^
  File "/Users/dh935740@reading.ac.uk/miniconda3/envs/activestorage/lib/python3.14/concurrent/futures/_base.py", line 443, in result
    return self.__get_result()
           ~~~~~~~~~~~~~~~~~^^
  File "/Users/dh935740@reading.ac.uk/miniconda3/envs/activestorage/lib/python3.14/concurrent/futures/_base.py", line 395, in __get_result
    raise self._exception
  File "/Users/dh935740@reading.ac.uk/miniconda3/envs/activestorage/lib/python3.14/concurrent/futures/thread.py", line 86, in run
    result = ctx.run(self.task)
  File "/Users/dh935740@reading.ac.uk/miniconda3/envs/activestorage/lib/python3.14/concurrent/futures/thread.py", line 73, in run
    return fn(*args, **kwargs)
  File "/Users/dh935740@reading.ac.uk/PyActiveStorage/activestorage/active.py", line 711, in _process_chunk
    tmp, count = reductionist.reduce_chunk(
                 ~~~~~~~~~~~~~~~~~~~~~~~~~^
        session,
        ^^^^^^^^
    ...<11 lines>...
        axis,
        ^^^^^
        operation=self._method)
        ^^^^^^^^^^^^^^^^^^^^^^^
  File "/Users/dh935740@reading.ac.uk/PyActiveStorage/activestorage/reductionist.py", line 99, in reduce_chunk
    decode_and_raise_error(response)
    ~~~~~~~~~~~~~~~~~~~~~~^^^^^^^^^^
  File "/Users/dh935740@reading.ac.uk/PyActiveStorage/activestorage/reductionist.py", line 262, in decode_and_raise_error
    raise ReductionistError(response.status_code, "-") from exc
activestorage.reductionist.ReductionistError: Reductionist error: HTTP 503: -
       16.17 real         4.89 user         1.47 sys
           364199936  maximum resident set size
                   0  average shared memory size
                   0  average unshared data size
                   0  average unshared stack size
               53322  page reclaims
                   5  page faults
                   0  swaps
                   0  block input operations
                   0  block output operations
                9831  messages sent
               76120  messages received
                   0  signals received
                4830  voluntary context switches
              200319  involuntary context switches
         68912919980  instructions retired
         24486870170  cycles elapsed
           223315000  peak memory footprint
----------------------
Run 6:
S3 Test file path: bnl/ch330a.pc19790301-bnl.nc
Target Variable: UM_m01s16i202_vn1106
Dataset loaded from S3 with s3fs and Pyfive: bnl/ch330a.pc19790301-bnl.nc (0.15,3.9)
Loaded dataset <HDF5 dataset "UM_m01s16i202_vn1106": shape (40, 1920, 2560), type "float32">
Reductionist error: HTTP 503: -
Traceback (most recent call last):
  File "/Users/dh935740@reading.ac.uk/miniconda3/envs/activestorage/lib/python3.14/site-packages/requests/models.py", line 965, in json
    return complexjson.loads(self.content.decode(encoding), **kwargs)
           ~~~~~~~~~~~~~~~~~^^^^^^^^^^^^^^^^^^^^^^^^^^^^^^^^^^^^^^^^^
  File "/Users/dh935740@reading.ac.uk/miniconda3/envs/activestorage/lib/python3.14/json/__init__.py", line 352, in loads
    return _default_decoder.decode(s)
           ~~~~~~~~~~~~~~~~~~~~~~~^^^
  File "/Users/dh935740@reading.ac.uk/miniconda3/envs/activestorage/lib/python3.14/json/decoder.py", line 345, in decode
    obj, end = self.raw_decode(s, idx=_w(s, 0).end())
               ~~~~~~~~~~~~~~~^^^^^^^^^^^^^^^^^^^^^^^
  File "/Users/dh935740@reading.ac.uk/miniconda3/envs/activestorage/lib/python3.14/json/decoder.py", line 363, in raw_decode
    raise JSONDecodeError("Expecting value", s, err.value) from None
json.decoder.JSONDecodeError: Expecting value: line 1 column 1 (char 0)

During handling of the above exception, another exception occurred:

Traceback (most recent call last):
  File "/Users/dh935740@reading.ac.uk/PyActiveStorage/activestorage/reductionist.py", line 259, in decode_and_raise_error
    error = json.dumps(response.json())
                       ~~~~~~~~~~~~~^^
  File "/Users/dh935740@reading.ac.uk/miniconda3/envs/activestorage/lib/python3.14/site-packages/requests/models.py", line 973, in json
    raise RequestsJSONDecodeError(e.msg, e.doc, e.pos)
requests.exceptions.JSONDecodeError: Expecting value: line 1 column 1 (char 0)

The above exception was the direct cause of the following exception:

Traceback (most recent call last):
  File "/Users/dh935740@reading.ac.uk/testing_PyActiveStorage/tests_Varsiha/scripts/run_new_tenancy.py", line 85, in <module>
    final_result = test_s3_file(target_file, target_var, active_slices)
  File "/Users/dh935740@reading.ac.uk/testing_PyActiveStorage/tests_Varsiha/scripts/run_new_tenancy.py", line 38, in test_s3_file
    result = active[sample_slice]
             ~~~~~~^^^^^^^^^^^^^^
  File "/Users/dh935740@reading.ac.uk/PyActiveStorage/activestorage/active.py", line 336, in __getitem__
    return self._get_selection(index)
           ~~~~~~~~~~~~~~~~~~~^^^^^^^
  File "/Users/dh935740@reading.ac.uk/PyActiveStorage/activestorage/active.py", line 467, in _get_selection
    return self._from_storage(ds, indexer, array._chunks, out_shape, dtype,
           ~~~~~~~~~~~~~~~~~~^^^^^^^^^^^^^^^^^^^^^^^^^^^^^^^^^^^^^^^^^^^^^^
                              compressor, filters, drop_axes, self._axis)
                              ^^^^^^^^^^^^^^^^^^^^^^^^^^^^^^^^^^^^^^^^^^^
  File "/Users/dh935740@reading.ac.uk/PyActiveStorage/activestorage/active.py", line 570, in _from_storage
    result, count, out_selection = future.result()
                                   ~~~~~~~~~~~~~^^
  File "/Users/dh935740@reading.ac.uk/miniconda3/envs/activestorage/lib/python3.14/concurrent/futures/_base.py", line 443, in result
    return self.__get_result()
           ~~~~~~~~~~~~~~~~~^^
  File "/Users/dh935740@reading.ac.uk/miniconda3/envs/activestorage/lib/python3.14/concurrent/futures/_base.py", line 395, in __get_result
    raise self._exception
  File "/Users/dh935740@reading.ac.uk/miniconda3/envs/activestorage/lib/python3.14/concurrent/futures/thread.py", line 86, in run
    result = ctx.run(self.task)
  File "/Users/dh935740@reading.ac.uk/miniconda3/envs/activestorage/lib/python3.14/concurrent/futures/thread.py", line 73, in run
    return fn(*args, **kwargs)
  File "/Users/dh935740@reading.ac.uk/PyActiveStorage/activestorage/active.py", line 711, in _process_chunk
    tmp, count = reductionist.reduce_chunk(
                 ~~~~~~~~~~~~~~~~~~~~~~~~~^
        session,
        ^^^^^^^^
    ...<11 lines>...
        axis,
        ^^^^^
        operation=self._method)
        ^^^^^^^^^^^^^^^^^^^^^^^
  File "/Users/dh935740@reading.ac.uk/PyActiveStorage/activestorage/reductionist.py", line 99, in reduce_chunk
    decode_and_raise_error(response)
    ~~~~~~~~~~~~~~~~~~~~~~^^^^^^^^^^
  File "/Users/dh935740@reading.ac.uk/PyActiveStorage/activestorage/reductionist.py", line 262, in decode_and_raise_error
    raise ReductionistError(response.status_code, "-") from exc
activestorage.reductionist.ReductionistError: Reductionist error: HTTP 503: -
       16.65 real         9.49 user         2.07 sys
          1141981184  maximum resident set size
                   0  average shared memory size
                   0  average unshared data size
                   0  average unshared stack size
               95879  page reclaims
                   1  page faults
                   0  swaps
                   0  block input operations
                   0  block output operations
               16159  messages sent
               95186  messages received
                   0  signals received
                6976  voluntary context switches
              247144  involuntary context switches
        133263606706  instructions retired
         42749690016  cycles elapsed
           957385440  peak memory footprint
----------------------
Run 7:
S3 Test file path: bnl/ch330a.pc19790301-bnl.nc
Target Variable: UM_m01s16i202_vn1106
Dataset loaded from S3 with s3fs and Pyfive: bnl/ch330a.pc19790301-bnl.nc (0.16,4.1)
Loaded dataset <HDF5 dataset "UM_m01s16i202_vn1106": shape (40, 1920, 2560), type "float32">
Reductionist error: HTTP 503: -
Traceback (most recent call last):
  File "/Users/dh935740@reading.ac.uk/miniconda3/envs/activestorage/lib/python3.14/site-packages/requests/models.py", line 965, in json
    return complexjson.loads(self.content.decode(encoding), **kwargs)
           ~~~~~~~~~~~~~~~~~^^^^^^^^^^^^^^^^^^^^^^^^^^^^^^^^^^^^^^^^^
  File "/Users/dh935740@reading.ac.uk/miniconda3/envs/activestorage/lib/python3.14/json/__init__.py", line 352, in loads
    return _default_decoder.decode(s)
           ~~~~~~~~~~~~~~~~~~~~~~~^^^
  File "/Users/dh935740@reading.ac.uk/miniconda3/envs/activestorage/lib/python3.14/json/decoder.py", line 345, in decode
    obj, end = self.raw_decode(s, idx=_w(s, 0).end())
               ~~~~~~~~~~~~~~~^^^^^^^^^^^^^^^^^^^^^^^
  File "/Users/dh935740@reading.ac.uk/miniconda3/envs/activestorage/lib/python3.14/json/decoder.py", line 363, in raw_decode
    raise JSONDecodeError("Expecting value", s, err.value) from None
json.decoder.JSONDecodeError: Expecting value: line 1 column 1 (char 0)

During handling of the above exception, another exception occurred:

Traceback (most recent call last):
  File "/Users/dh935740@reading.ac.uk/PyActiveStorage/activestorage/reductionist.py", line 259, in decode_and_raise_error
    error = json.dumps(response.json())
                       ~~~~~~~~~~~~~^^
  File "/Users/dh935740@reading.ac.uk/miniconda3/envs/activestorage/lib/python3.14/site-packages/requests/models.py", line 973, in json
    raise RequestsJSONDecodeError(e.msg, e.doc, e.pos)
requests.exceptions.JSONDecodeError: Expecting value: line 1 column 1 (char 0)

The above exception was the direct cause of the following exception:

Traceback (most recent call last):
  File "/Users/dh935740@reading.ac.uk/testing_PyActiveStorage/tests_Varsiha/scripts/run_new_tenancy.py", line 85, in <module>
    final_result = test_s3_file(target_file, target_var, active_slices)
  File "/Users/dh935740@reading.ac.uk/testing_PyActiveStorage/tests_Varsiha/scripts/run_new_tenancy.py", line 38, in test_s3_file
    result = active[sample_slice]
             ~~~~~~^^^^^^^^^^^^^^
  File "/Users/dh935740@reading.ac.uk/PyActiveStorage/activestorage/active.py", line 336, in __getitem__
    return self._get_selection(index)
           ~~~~~~~~~~~~~~~~~~~^^^^^^^
  File "/Users/dh935740@reading.ac.uk/PyActiveStorage/activestorage/active.py", line 467, in _get_selection
    return self._from_storage(ds, indexer, array._chunks, out_shape, dtype,
           ~~~~~~~~~~~~~~~~~~^^^^^^^^^^^^^^^^^^^^^^^^^^^^^^^^^^^^^^^^^^^^^^
                              compressor, filters, drop_axes, self._axis)
                              ^^^^^^^^^^^^^^^^^^^^^^^^^^^^^^^^^^^^^^^^^^^
  File "/Users/dh935740@reading.ac.uk/PyActiveStorage/activestorage/active.py", line 570, in _from_storage
    result, count, out_selection = future.result()
                                   ~~~~~~~~~~~~~^^
  File "/Users/dh935740@reading.ac.uk/miniconda3/envs/activestorage/lib/python3.14/concurrent/futures/_base.py", line 443, in result
    return self.__get_result()
           ~~~~~~~~~~~~~~~~~^^
  File "/Users/dh935740@reading.ac.uk/miniconda3/envs/activestorage/lib/python3.14/concurrent/futures/_base.py", line 395, in __get_result
    raise self._exception
  File "/Users/dh935740@reading.ac.uk/miniconda3/envs/activestorage/lib/python3.14/concurrent/futures/thread.py", line 86, in run
    result = ctx.run(self.task)
  File "/Users/dh935740@reading.ac.uk/miniconda3/envs/activestorage/lib/python3.14/concurrent/futures/thread.py", line 73, in run
    return fn(*args, **kwargs)
  File "/Users/dh935740@reading.ac.uk/PyActiveStorage/activestorage/active.py", line 711, in _process_chunk
    tmp, count = reductionist.reduce_chunk(
                 ~~~~~~~~~~~~~~~~~~~~~~~~~^
        session,
        ^^^^^^^^
    ...<11 lines>...
        axis,
        ^^^^^
        operation=self._method)
        ^^^^^^^^^^^^^^^^^^^^^^^
  File "/Users/dh935740@reading.ac.uk/PyActiveStorage/activestorage/reductionist.py", line 99, in reduce_chunk
    decode_and_raise_error(response)
    ~~~~~~~~~~~~~~~~~~~~~~^^^^^^^^^^
  File "/Users/dh935740@reading.ac.uk/PyActiveStorage/activestorage/reductionist.py", line 262, in decode_and_raise_error
    raise ReductionistError(response.status_code, "-") from exc
activestorage.reductionist.ReductionistError: Reductionist error: HTTP 503: -
       16.93 real         4.31 user         1.39 sys
           360284160  maximum resident set size
                   0  average shared memory size
                   0  average unshared data size
                   0  average unshared stack size
               48968  page reclaims
                  30  page faults
                   0  swaps
                   0  block input operations
                   0  block output operations
                8895  messages sent
               74411  messages received
                   0  signals received
                4235  voluntary context switches
              192915  involuntary context switches
         59013998414  instructions retired
         21574656475  cycles elapsed
           224150512  peak memory footprint
----------------------
Run 8:
S3 Test file path: bnl/ch330a.pc19790301-bnl.nc
Target Variable: UM_m01s16i202_vn1106
Dataset loaded from S3 with s3fs and Pyfive: bnl/ch330a.pc19790301-bnl.nc (0.14,4.2)
Loaded dataset <HDF5 dataset "UM_m01s16i202_vn1106": shape (40, 1920, 2560), type "float32">
Reductionist error: HTTP 503: -
Traceback (most recent call last):
  File "/Users/dh935740@reading.ac.uk/miniconda3/envs/activestorage/lib/python3.14/site-packages/requests/models.py", line 965, in json
    return complexjson.loads(self.content.decode(encoding), **kwargs)
           ~~~~~~~~~~~~~~~~~^^^^^^^^^^^^^^^^^^^^^^^^^^^^^^^^^^^^^^^^^
  File "/Users/dh935740@reading.ac.uk/miniconda3/envs/activestorage/lib/python3.14/json/__init__.py", line 352, in loads
    return _default_decoder.decode(s)
           ~~~~~~~~~~~~~~~~~~~~~~~^^^
  File "/Users/dh935740@reading.ac.uk/miniconda3/envs/activestorage/lib/python3.14/json/decoder.py", line 345, in decode
    obj, end = self.raw_decode(s, idx=_w(s, 0).end())
               ~~~~~~~~~~~~~~~^^^^^^^^^^^^^^^^^^^^^^^
  File "/Users/dh935740@reading.ac.uk/miniconda3/envs/activestorage/lib/python3.14/json/decoder.py", line 363, in raw_decode
    raise JSONDecodeError("Expecting value", s, err.value) from None
json.decoder.JSONDecodeError: Expecting value: line 1 column 1 (char 0)

During handling of the above exception, another exception occurred:

Traceback (most recent call last):
  File "/Users/dh935740@reading.ac.uk/PyActiveStorage/activestorage/reductionist.py", line 259, in decode_and_raise_error
    error = json.dumps(response.json())
                       ~~~~~~~~~~~~~^^
  File "/Users/dh935740@reading.ac.uk/miniconda3/envs/activestorage/lib/python3.14/site-packages/requests/models.py", line 973, in json
    raise RequestsJSONDecodeError(e.msg, e.doc, e.pos)
requests.exceptions.JSONDecodeError: Expecting value: line 1 column 1 (char 0)

The above exception was the direct cause of the following exception:

Traceback (most recent call last):
  File "/Users/dh935740@reading.ac.uk/testing_PyActiveStorage/tests_Varsiha/scripts/run_new_tenancy.py", line 85, in <module>
    final_result = test_s3_file(target_file, target_var, active_slices)
  File "/Users/dh935740@reading.ac.uk/testing_PyActiveStorage/tests_Varsiha/scripts/run_new_tenancy.py", line 38, in test_s3_file
    result = active[sample_slice]
             ~~~~~~^^^^^^^^^^^^^^
  File "/Users/dh935740@reading.ac.uk/PyActiveStorage/activestorage/active.py", line 336, in __getitem__
    return self._get_selection(index)
           ~~~~~~~~~~~~~~~~~~~^^^^^^^
  File "/Users/dh935740@reading.ac.uk/PyActiveStorage/activestorage/active.py", line 467, in _get_selection
    return self._from_storage(ds, indexer, array._chunks, out_shape, dtype,
           ~~~~~~~~~~~~~~~~~~^^^^^^^^^^^^^^^^^^^^^^^^^^^^^^^^^^^^^^^^^^^^^^
                              compressor, filters, drop_axes, self._axis)
                              ^^^^^^^^^^^^^^^^^^^^^^^^^^^^^^^^^^^^^^^^^^^
  File "/Users/dh935740@reading.ac.uk/PyActiveStorage/activestorage/active.py", line 570, in _from_storage
    result, count, out_selection = future.result()
                                   ~~~~~~~~~~~~~^^
  File "/Users/dh935740@reading.ac.uk/miniconda3/envs/activestorage/lib/python3.14/concurrent/futures/_base.py", line 443, in result
    return self.__get_result()
           ~~~~~~~~~~~~~~~~~^^
  File "/Users/dh935740@reading.ac.uk/miniconda3/envs/activestorage/lib/python3.14/concurrent/futures/_base.py", line 395, in __get_result
    raise self._exception
  File "/Users/dh935740@reading.ac.uk/miniconda3/envs/activestorage/lib/python3.14/concurrent/futures/thread.py", line 86, in run
    result = ctx.run(self.task)
  File "/Users/dh935740@reading.ac.uk/miniconda3/envs/activestorage/lib/python3.14/concurrent/futures/thread.py", line 73, in run
    return fn(*args, **kwargs)
  File "/Users/dh935740@reading.ac.uk/PyActiveStorage/activestorage/active.py", line 711, in _process_chunk
    tmp, count = reductionist.reduce_chunk(
                 ~~~~~~~~~~~~~~~~~~~~~~~~~^
        session,
        ^^^^^^^^
    ...<11 lines>...
        axis,
        ^^^^^
        operation=self._method)
        ^^^^^^^^^^^^^^^^^^^^^^^
  File "/Users/dh935740@reading.ac.uk/PyActiveStorage/activestorage/reductionist.py", line 99, in reduce_chunk
    decode_and_raise_error(response)
    ~~~~~~~~~~~~~~~~~~~~~~^^^^^^^^^^
  File "/Users/dh935740@reading.ac.uk/PyActiveStorage/activestorage/reductionist.py", line 262, in decode_and_raise_error
    raise ReductionistError(response.status_code, "-") from exc
activestorage.reductionist.ReductionistError: Reductionist error: HTTP 503: -
       17.49 real         6.52 user         1.74 sys
           679165952  maximum resident set size
                   0  average shared memory size
                   0  average unshared data size
                   0  average unshared stack size
               67103  page reclaims
                   1  page faults
                   0  swaps
                   0  block input operations
                   0  block output operations
               12007  messages sent
               85182  messages received
                   0  signals received
                4943  voluntary context switches
              225106  involuntary context switches
         91083349235  instructions retired
         30693872528  cycles elapsed
           497191312  peak memory footprint
----------------------
Run 9:
S3 Test file path: bnl/ch330a.pc19790301-bnl.nc
Target Variable: UM_m01s16i202_vn1106
Dataset loaded from S3 with s3fs and Pyfive: bnl/ch330a.pc19790301-bnl.nc (0.15,4.1)
Loaded dataset <HDF5 dataset "UM_m01s16i202_vn1106": shape (40, 1920, 2560), type "float32">
Reductionist error: HTTP 503: -
Traceback (most recent call last):
  File "/Users/dh935740@reading.ac.uk/miniconda3/envs/activestorage/lib/python3.14/site-packages/requests/models.py", line 965, in json
    return complexjson.loads(self.content.decode(encoding), **kwargs)
           ~~~~~~~~~~~~~~~~~^^^^^^^^^^^^^^^^^^^^^^^^^^^^^^^^^^^^^^^^^
  File "/Users/dh935740@reading.ac.uk/miniconda3/envs/activestorage/lib/python3.14/json/__init__.py", line 352, in loads
    return _default_decoder.decode(s)
           ~~~~~~~~~~~~~~~~~~~~~~~^^^
  File "/Users/dh935740@reading.ac.uk/miniconda3/envs/activestorage/lib/python3.14/json/decoder.py", line 345, in decode
    obj, end = self.raw_decode(s, idx=_w(s, 0).end())
               ~~~~~~~~~~~~~~~^^^^^^^^^^^^^^^^^^^^^^^
  File "/Users/dh935740@reading.ac.uk/miniconda3/envs/activestorage/lib/python3.14/json/decoder.py", line 363, in raw_decode
    raise JSONDecodeError("Expecting value", s, err.value) from None
json.decoder.JSONDecodeError: Expecting value: line 1 column 1 (char 0)

During handling of the above exception, another exception occurred:

Traceback (most recent call last):
  File "/Users/dh935740@reading.ac.uk/PyActiveStorage/activestorage/reductionist.py", line 259, in decode_and_raise_error
    error = json.dumps(response.json())
                       ~~~~~~~~~~~~~^^
  File "/Users/dh935740@reading.ac.uk/miniconda3/envs/activestorage/lib/python3.14/site-packages/requests/models.py", line 973, in json
    raise RequestsJSONDecodeError(e.msg, e.doc, e.pos)
requests.exceptions.JSONDecodeError: Expecting value: line 1 column 1 (char 0)

The above exception was the direct cause of the following exception:

Traceback (most recent call last):
  File "/Users/dh935740@reading.ac.uk/testing_PyActiveStorage/tests_Varsiha/scripts/run_new_tenancy.py", line 85, in <module>
    final_result = test_s3_file(target_file, target_var, active_slices)
  File "/Users/dh935740@reading.ac.uk/testing_PyActiveStorage/tests_Varsiha/scripts/run_new_tenancy.py", line 38, in test_s3_file
    result = active[sample_slice]
             ~~~~~~^^^^^^^^^^^^^^
  File "/Users/dh935740@reading.ac.uk/PyActiveStorage/activestorage/active.py", line 336, in __getitem__
    return self._get_selection(index)
           ~~~~~~~~~~~~~~~~~~~^^^^^^^
  File "/Users/dh935740@reading.ac.uk/PyActiveStorage/activestorage/active.py", line 467, in _get_selection
    return self._from_storage(ds, indexer, array._chunks, out_shape, dtype,
           ~~~~~~~~~~~~~~~~~~^^^^^^^^^^^^^^^^^^^^^^^^^^^^^^^^^^^^^^^^^^^^^^
                              compressor, filters, drop_axes, self._axis)
                              ^^^^^^^^^^^^^^^^^^^^^^^^^^^^^^^^^^^^^^^^^^^
  File "/Users/dh935740@reading.ac.uk/PyActiveStorage/activestorage/active.py", line 570, in _from_storage
    result, count, out_selection = future.result()
                                   ~~~~~~~~~~~~~^^
  File "/Users/dh935740@reading.ac.uk/miniconda3/envs/activestorage/lib/python3.14/concurrent/futures/_base.py", line 443, in result
    return self.__get_result()
           ~~~~~~~~~~~~~~~~~^^
  File "/Users/dh935740@reading.ac.uk/miniconda3/envs/activestorage/lib/python3.14/concurrent/futures/_base.py", line 395, in __get_result
    raise self._exception
  File "/Users/dh935740@reading.ac.uk/miniconda3/envs/activestorage/lib/python3.14/concurrent/futures/thread.py", line 86, in run
    result = ctx.run(self.task)
  File "/Users/dh935740@reading.ac.uk/miniconda3/envs/activestorage/lib/python3.14/concurrent/futures/thread.py", line 73, in run
    return fn(*args, **kwargs)
  File "/Users/dh935740@reading.ac.uk/PyActiveStorage/activestorage/active.py", line 711, in _process_chunk
    tmp, count = reductionist.reduce_chunk(
                 ~~~~~~~~~~~~~~~~~~~~~~~~~^
        session,
        ^^^^^^^^
    ...<11 lines>...
        axis,
        ^^^^^
        operation=self._method)
        ^^^^^^^^^^^^^^^^^^^^^^^
  File "/Users/dh935740@reading.ac.uk/PyActiveStorage/activestorage/reductionist.py", line 99, in reduce_chunk
    decode_and_raise_error(response)
    ~~~~~~~~~~~~~~~~~~~~~~^^^^^^^^^^
  File "/Users/dh935740@reading.ac.uk/PyActiveStorage/activestorage/reductionist.py", line 262, in decode_and_raise_error
    raise ReductionistError(response.status_code, "-") from exc
activestorage.reductionist.ReductionistError: Reductionist error: HTTP 503: -
       17.57 real         4.77 user         1.54 sys
           366903296  maximum resident set size
                   0  average shared memory size
                   0  average unshared data size
                   0  average unshared stack size
               51960  page reclaims
                   1  page faults
                   0  swaps
                   0  block input operations
                   0  block output operations
                9279  messages sent
               77611  messages received
                   0  signals received
                3582  voluntary context switches
              200003  involuntary context switches
         63254365479  instructions retired
         23370329112  cycles elapsed
           219169800  peak memory footprint
----------------------
Run 10:
S3 Test file path: bnl/ch330a.pc19790301-bnl.nc
Target Variable: UM_m01s16i202_vn1106
Dataset loaded from S3 with s3fs and Pyfive: bnl/ch330a.pc19790301-bnl.nc (0.14,4.0)
Loaded dataset <HDF5 dataset "UM_m01s16i202_vn1106": shape (40, 1920, 2560), type "float32">
Reductionist error: HTTP 503: -
Traceback (most recent call last):
  File "/Users/dh935740@reading.ac.uk/miniconda3/envs/activestorage/lib/python3.14/site-packages/requests/models.py", line 965, in json
    return complexjson.loads(self.content.decode(encoding), **kwargs)
           ~~~~~~~~~~~~~~~~~^^^^^^^^^^^^^^^^^^^^^^^^^^^^^^^^^^^^^^^^^
  File "/Users/dh935740@reading.ac.uk/miniconda3/envs/activestorage/lib/python3.14/json/__init__.py", line 352, in loads
    return _default_decoder.decode(s)
           ~~~~~~~~~~~~~~~~~~~~~~~^^^
  File "/Users/dh935740@reading.ac.uk/miniconda3/envs/activestorage/lib/python3.14/json/decoder.py", line 345, in decode
    obj, end = self.raw_decode(s, idx=_w(s, 0).end())
               ~~~~~~~~~~~~~~~^^^^^^^^^^^^^^^^^^^^^^^
  File "/Users/dh935740@reading.ac.uk/miniconda3/envs/activestorage/lib/python3.14/json/decoder.py", line 363, in raw_decode
    raise JSONDecodeError("Expecting value", s, err.value) from None
json.decoder.JSONDecodeError: Expecting value: line 1 column 1 (char 0)

During handling of the above exception, another exception occurred:

Traceback (most recent call last):
  File "/Users/dh935740@reading.ac.uk/PyActiveStorage/activestorage/reductionist.py", line 259, in decode_and_raise_error
    error = json.dumps(response.json())
                       ~~~~~~~~~~~~~^^
  File "/Users/dh935740@reading.ac.uk/miniconda3/envs/activestorage/lib/python3.14/site-packages/requests/models.py", line 973, in json
    raise RequestsJSONDecodeError(e.msg, e.doc, e.pos)
requests.exceptions.JSONDecodeError: Expecting value: line 1 column 1 (char 0)

The above exception was the direct cause of the following exception:

Traceback (most recent call last):
  File "/Users/dh935740@reading.ac.uk/testing_PyActiveStorage/tests_Varsiha/scripts/run_new_tenancy.py", line 85, in <module>
    final_result = test_s3_file(target_file, target_var, active_slices)
  File "/Users/dh935740@reading.ac.uk/testing_PyActiveStorage/tests_Varsiha/scripts/run_new_tenancy.py", line 38, in test_s3_file
    result = active[sample_slice]
             ~~~~~~^^^^^^^^^^^^^^
  File "/Users/dh935740@reading.ac.uk/PyActiveStorage/activestorage/active.py", line 336, in __getitem__
    return self._get_selection(index)
           ~~~~~~~~~~~~~~~~~~~^^^^^^^
  File "/Users/dh935740@reading.ac.uk/PyActiveStorage/activestorage/active.py", line 467, in _get_selection
    return self._from_storage(ds, indexer, array._chunks, out_shape, dtype,
           ~~~~~~~~~~~~~~~~~~^^^^^^^^^^^^^^^^^^^^^^^^^^^^^^^^^^^^^^^^^^^^^^
                              compressor, filters, drop_axes, self._axis)
                              ^^^^^^^^^^^^^^^^^^^^^^^^^^^^^^^^^^^^^^^^^^^
  File "/Users/dh935740@reading.ac.uk/PyActiveStorage/activestorage/active.py", line 570, in _from_storage
    result, count, out_selection = future.result()
                                   ~~~~~~~~~~~~~^^
  File "/Users/dh935740@reading.ac.uk/miniconda3/envs/activestorage/lib/python3.14/concurrent/futures/_base.py", line 443, in result
    return self.__get_result()
           ~~~~~~~~~~~~~~~~~^^
  File "/Users/dh935740@reading.ac.uk/miniconda3/envs/activestorage/lib/python3.14/concurrent/futures/_base.py", line 395, in __get_result
    raise self._exception
  File "/Users/dh935740@reading.ac.uk/miniconda3/envs/activestorage/lib/python3.14/concurrent/futures/thread.py", line 86, in run
    result = ctx.run(self.task)
  File "/Users/dh935740@reading.ac.uk/miniconda3/envs/activestorage/lib/python3.14/concurrent/futures/thread.py", line 73, in run
    return fn(*args, **kwargs)
  File "/Users/dh935740@reading.ac.uk/PyActiveStorage/activestorage/active.py", line 711, in _process_chunk
    tmp, count = reductionist.reduce_chunk(
                 ~~~~~~~~~~~~~~~~~~~~~~~~~^
        session,
        ^^^^^^^^
    ...<11 lines>...
        axis,
        ^^^^^
        operation=self._method)
        ^^^^^^^^^^^^^^^^^^^^^^^
  File "/Users/dh935740@reading.ac.uk/PyActiveStorage/activestorage/reductionist.py", line 99, in reduce_chunk
    decode_and_raise_error(response)
    ~~~~~~~~~~~~~~~~~~~~~~^^^^^^^^^^
  File "/Users/dh935740@reading.ac.uk/PyActiveStorage/activestorage/reductionist.py", line 262, in decode_and_raise_error
    raise ReductionistError(response.status_code, "-") from exc
activestorage.reductionist.ReductionistError: Reductionist error: HTTP 503: -
       16.98 real         9.24 user         2.10 sys
          1040941056  maximum resident set size
                   0  average shared memory size
                   0  average unshared data size
                   0  average unshared stack size
               93801  page reclaims
                   1  page faults
                   0  swaps
                   0  block input operations
                   0  block output operations
               15791  messages sent
               95410  messages received
                   0  signals received
                6872  voluntary context switches
              253900  involuntary context switches
        130133695895  instructions retired
         42186102278  cycles elapsed
           862423680  peak memory footprint
----------------------
Run 11:
S3 Test file path: bnl/ch330a.pc19790301-bnl.nc
Target Variable: UM_m01s16i202_vn1106
Dataset loaded from S3 with s3fs and Pyfive: bnl/ch330a.pc19790301-bnl.nc (0.14,4.0)
Loaded dataset <HDF5 dataset "UM_m01s16i202_vn1106": shape (40, 1920, 2560), type "float32">
Reductionist error: HTTP 503: -
Traceback (most recent call last):
  File "/Users/dh935740@reading.ac.uk/miniconda3/envs/activestorage/lib/python3.14/site-packages/requests/models.py", line 965, in json
    return complexjson.loads(self.content.decode(encoding), **kwargs)
           ~~~~~~~~~~~~~~~~~^^^^^^^^^^^^^^^^^^^^^^^^^^^^^^^^^^^^^^^^^
  File "/Users/dh935740@reading.ac.uk/miniconda3/envs/activestorage/lib/python3.14/json/__init__.py", line 352, in loads
    return _default_decoder.decode(s)
           ~~~~~~~~~~~~~~~~~~~~~~~^^^
  File "/Users/dh935740@reading.ac.uk/miniconda3/envs/activestorage/lib/python3.14/json/decoder.py", line 345, in decode
    obj, end = self.raw_decode(s, idx=_w(s, 0).end())
               ~~~~~~~~~~~~~~~^^^^^^^^^^^^^^^^^^^^^^^
  File "/Users/dh935740@reading.ac.uk/miniconda3/envs/activestorage/lib/python3.14/json/decoder.py", line 363, in raw_decode
    raise JSONDecodeError("Expecting value", s, err.value) from None
json.decoder.JSONDecodeError: Expecting value: line 1 column 1 (char 0)

During handling of the above exception, another exception occurred:

Traceback (most recent call last):
  File "/Users/dh935740@reading.ac.uk/PyActiveStorage/activestorage/reductionist.py", line 259, in decode_and_raise_error
    error = json.dumps(response.json())
                       ~~~~~~~~~~~~~^^
  File "/Users/dh935740@reading.ac.uk/miniconda3/envs/activestorage/lib/python3.14/site-packages/requests/models.py", line 973, in json
    raise RequestsJSONDecodeError(e.msg, e.doc, e.pos)
requests.exceptions.JSONDecodeError: Expecting value: line 1 column 1 (char 0)

The above exception was the direct cause of the following exception:

Traceback (most recent call last):
  File "/Users/dh935740@reading.ac.uk/testing_PyActiveStorage/tests_Varsiha/scripts/run_new_tenancy.py", line 85, in <module>
    final_result = test_s3_file(target_file, target_var, active_slices)
  File "/Users/dh935740@reading.ac.uk/testing_PyActiveStorage/tests_Varsiha/scripts/run_new_tenancy.py", line 38, in test_s3_file
    result = active[sample_slice]
             ~~~~~~^^^^^^^^^^^^^^
  File "/Users/dh935740@reading.ac.uk/PyActiveStorage/activestorage/active.py", line 336, in __getitem__
    return self._get_selection(index)
           ~~~~~~~~~~~~~~~~~~~^^^^^^^
  File "/Users/dh935740@reading.ac.uk/PyActiveStorage/activestorage/active.py", line 467, in _get_selection
    return self._from_storage(ds, indexer, array._chunks, out_shape, dtype,
           ~~~~~~~~~~~~~~~~~~^^^^^^^^^^^^^^^^^^^^^^^^^^^^^^^^^^^^^^^^^^^^^^
                              compressor, filters, drop_axes, self._axis)
                              ^^^^^^^^^^^^^^^^^^^^^^^^^^^^^^^^^^^^^^^^^^^
  File "/Users/dh935740@reading.ac.uk/PyActiveStorage/activestorage/active.py", line 570, in _from_storage
    result, count, out_selection = future.result()
                                   ~~~~~~~~~~~~~^^
  File "/Users/dh935740@reading.ac.uk/miniconda3/envs/activestorage/lib/python3.14/concurrent/futures/_base.py", line 443, in result
    return self.__get_result()
           ~~~~~~~~~~~~~~~~~^^
  File "/Users/dh935740@reading.ac.uk/miniconda3/envs/activestorage/lib/python3.14/concurrent/futures/_base.py", line 395, in __get_result
    raise self._exception
  File "/Users/dh935740@reading.ac.uk/miniconda3/envs/activestorage/lib/python3.14/concurrent/futures/thread.py", line 86, in run
    result = ctx.run(self.task)
  File "/Users/dh935740@reading.ac.uk/miniconda3/envs/activestorage/lib/python3.14/concurrent/futures/thread.py", line 73, in run
    return fn(*args, **kwargs)
  File "/Users/dh935740@reading.ac.uk/PyActiveStorage/activestorage/active.py", line 711, in _process_chunk
    tmp, count = reductionist.reduce_chunk(
                 ~~~~~~~~~~~~~~~~~~~~~~~~~^
        session,
        ^^^^^^^^
    ...<11 lines>...
        axis,
        ^^^^^
        operation=self._method)
        ^^^^^^^^^^^^^^^^^^^^^^^
  File "/Users/dh935740@reading.ac.uk/PyActiveStorage/activestorage/reductionist.py", line 99, in reduce_chunk
    decode_and_raise_error(response)
    ~~~~~~~~~~~~~~~~~~~~~~^^^^^^^^^^
  File "/Users/dh935740@reading.ac.uk/PyActiveStorage/activestorage/reductionist.py", line 262, in decode_and_raise_error
    raise ReductionistError(response.status_code, "-") from exc
activestorage.reductionist.ReductionistError: Reductionist error: HTTP 503: -
       16.32 real         4.67 user         1.42 sys
           350617600  maximum resident set size
                   0  average shared memory size
                   0  average unshared data size
                   0  average unshared stack size
               48372  page reclaims
                  30  page faults
                   0  swaps
                   0  block input operations
                   0  block output operations
                9503  messages sent
               74144  messages received
                   0  signals received
                4499  voluntary context switches
              197397  involuntary context switches
         65136205748  instructions retired
         23474810968  cycles elapsed
           221709320  peak memory footprint
----------------------
Run 12:
S3 Test file path: bnl/ch330a.pc19790301-bnl.nc
Target Variable: UM_m01s16i202_vn1106
Dataset loaded from S3 with s3fs and Pyfive: bnl/ch330a.pc19790301-bnl.nc (0.14,4.0)
Loaded dataset <HDF5 dataset "UM_m01s16i202_vn1106": shape (40, 1920, 2560), type "float32">
Reductionist error: HTTP 503: -
Traceback (most recent call last):
  File "/Users/dh935740@reading.ac.uk/miniconda3/envs/activestorage/lib/python3.14/site-packages/requests/models.py", line 965, in json
    return complexjson.loads(self.content.decode(encoding), **kwargs)
           ~~~~~~~~~~~~~~~~~^^^^^^^^^^^^^^^^^^^^^^^^^^^^^^^^^^^^^^^^^
  File "/Users/dh935740@reading.ac.uk/miniconda3/envs/activestorage/lib/python3.14/json/__init__.py", line 352, in loads
    return _default_decoder.decode(s)
           ~~~~~~~~~~~~~~~~~~~~~~~^^^
  File "/Users/dh935740@reading.ac.uk/miniconda3/envs/activestorage/lib/python3.14/json/decoder.py", line 345, in decode
    obj, end = self.raw_decode(s, idx=_w(s, 0).end())
               ~~~~~~~~~~~~~~~^^^^^^^^^^^^^^^^^^^^^^^
  File "/Users/dh935740@reading.ac.uk/miniconda3/envs/activestorage/lib/python3.14/json/decoder.py", line 363, in raw_decode
    raise JSONDecodeError("Expecting value", s, err.value) from None
json.decoder.JSONDecodeError: Expecting value: line 1 column 1 (char 0)

During handling of the above exception, another exception occurred:

Traceback (most recent call last):
  File "/Users/dh935740@reading.ac.uk/PyActiveStorage/activestorage/reductionist.py", line 259, in decode_and_raise_error
    error = json.dumps(response.json())
                       ~~~~~~~~~~~~~^^
  File "/Users/dh935740@reading.ac.uk/miniconda3/envs/activestorage/lib/python3.14/site-packages/requests/models.py", line 973, in json
    raise RequestsJSONDecodeError(e.msg, e.doc, e.pos)
requests.exceptions.JSONDecodeError: Expecting value: line 1 column 1 (char 0)

The above exception was the direct cause of the following exception:

Traceback (most recent call last):
  File "/Users/dh935740@reading.ac.uk/testing_PyActiveStorage/tests_Varsiha/scripts/run_new_tenancy.py", line 85, in <module>
    final_result = test_s3_file(target_file, target_var, active_slices)
  File "/Users/dh935740@reading.ac.uk/testing_PyActiveStorage/tests_Varsiha/scripts/run_new_tenancy.py", line 38, in test_s3_file
    result = active[sample_slice]
             ~~~~~~^^^^^^^^^^^^^^
  File "/Users/dh935740@reading.ac.uk/PyActiveStorage/activestorage/active.py", line 336, in __getitem__
    return self._get_selection(index)
           ~~~~~~~~~~~~~~~~~~~^^^^^^^
  File "/Users/dh935740@reading.ac.uk/PyActiveStorage/activestorage/active.py", line 467, in _get_selection
    return self._from_storage(ds, indexer, array._chunks, out_shape, dtype,
           ~~~~~~~~~~~~~~~~~~^^^^^^^^^^^^^^^^^^^^^^^^^^^^^^^^^^^^^^^^^^^^^^
                              compressor, filters, drop_axes, self._axis)
                              ^^^^^^^^^^^^^^^^^^^^^^^^^^^^^^^^^^^^^^^^^^^
  File "/Users/dh935740@reading.ac.uk/PyActiveStorage/activestorage/active.py", line 570, in _from_storage
    result, count, out_selection = future.result()
                                   ~~~~~~~~~~~~~^^
  File "/Users/dh935740@reading.ac.uk/miniconda3/envs/activestorage/lib/python3.14/concurrent/futures/_base.py", line 443, in result
    return self.__get_result()
           ~~~~~~~~~~~~~~~~~^^
  File "/Users/dh935740@reading.ac.uk/miniconda3/envs/activestorage/lib/python3.14/concurrent/futures/_base.py", line 395, in __get_result
    raise self._exception
  File "/Users/dh935740@reading.ac.uk/miniconda3/envs/activestorage/lib/python3.14/concurrent/futures/thread.py", line 86, in run
    result = ctx.run(self.task)
  File "/Users/dh935740@reading.ac.uk/miniconda3/envs/activestorage/lib/python3.14/concurrent/futures/thread.py", line 73, in run
    return fn(*args, **kwargs)
  File "/Users/dh935740@reading.ac.uk/PyActiveStorage/activestorage/active.py", line 711, in _process_chunk
    tmp, count = reductionist.reduce_chunk(
                 ~~~~~~~~~~~~~~~~~~~~~~~~~^
        session,
        ^^^^^^^^
    ...<11 lines>...
        axis,
        ^^^^^
        operation=self._method)
        ^^^^^^^^^^^^^^^^^^^^^^^
  File "/Users/dh935740@reading.ac.uk/PyActiveStorage/activestorage/reductionist.py", line 99, in reduce_chunk
    decode_and_raise_error(response)
    ~~~~~~~~~~~~~~~~~~~~~~^^^^^^^^^^
  File "/Users/dh935740@reading.ac.uk/PyActiveStorage/activestorage/reductionist.py", line 262, in decode_and_raise_error
    raise ReductionistError(response.status_code, "-") from exc
activestorage.reductionist.ReductionistError: Reductionist error: HTTP 503: -
       17.10 real         9.48 user         2.10 sys
          1023295488  maximum resident set size
                   0  average shared memory size
                   0  average unshared data size
                   0  average unshared stack size
               87604  page reclaims
                   1  page faults
                   0  swaps
                   0  block input operations
                   0  block output operations
               15927  messages sent
               94729  messages received
                   0  signals received
                6859  voluntary context switches
              261997  involuntary context switches
        131535466143  instructions retired
         43314574585  cycles elapsed
           835340928  peak memory footprint
----------------------
Run 13:
S3 Test file path: bnl/ch330a.pc19790301-bnl.nc
Target Variable: UM_m01s16i202_vn1106
Dataset loaded from S3 with s3fs and Pyfive: bnl/ch330a.pc19790301-bnl.nc (0.15,3.7)
Loaded dataset <HDF5 dataset "UM_m01s16i202_vn1106": shape (40, 1920, 2560), type "float32">
Reductionist error: HTTP 503: -
Traceback (most recent call last):
  File "/Users/dh935740@reading.ac.uk/miniconda3/envs/activestorage/lib/python3.14/site-packages/requests/models.py", line 965, in json
    return complexjson.loads(self.content.decode(encoding), **kwargs)
           ~~~~~~~~~~~~~~~~~^^^^^^^^^^^^^^^^^^^^^^^^^^^^^^^^^^^^^^^^^
  File "/Users/dh935740@reading.ac.uk/miniconda3/envs/activestorage/lib/python3.14/json/__init__.py", line 352, in loads
    return _default_decoder.decode(s)
           ~~~~~~~~~~~~~~~~~~~~~~~^^^
  File "/Users/dh935740@reading.ac.uk/miniconda3/envs/activestorage/lib/python3.14/json/decoder.py", line 345, in decode
    obj, end = self.raw_decode(s, idx=_w(s, 0).end())
               ~~~~~~~~~~~~~~~^^^^^^^^^^^^^^^^^^^^^^^
  File "/Users/dh935740@reading.ac.uk/miniconda3/envs/activestorage/lib/python3.14/json/decoder.py", line 363, in raw_decode
    raise JSONDecodeError("Expecting value", s, err.value) from None
json.decoder.JSONDecodeError: Expecting value: line 1 column 1 (char 0)

During handling of the above exception, another exception occurred:

Traceback (most recent call last):
  File "/Users/dh935740@reading.ac.uk/PyActiveStorage/activestorage/reductionist.py", line 259, in decode_and_raise_error
    error = json.dumps(response.json())
                       ~~~~~~~~~~~~~^^
  File "/Users/dh935740@reading.ac.uk/miniconda3/envs/activestorage/lib/python3.14/site-packages/requests/models.py", line 973, in json
    raise RequestsJSONDecodeError(e.msg, e.doc, e.pos)
requests.exceptions.JSONDecodeError: Expecting value: line 1 column 1 (char 0)

The above exception was the direct cause of the following exception:

Traceback (most recent call last):
  File "/Users/dh935740@reading.ac.uk/testing_PyActiveStorage/tests_Varsiha/scripts/run_new_tenancy.py", line 85, in <module>
    final_result = test_s3_file(target_file, target_var, active_slices)
  File "/Users/dh935740@reading.ac.uk/testing_PyActiveStorage/tests_Varsiha/scripts/run_new_tenancy.py", line 38, in test_s3_file
    result = active[sample_slice]
             ~~~~~~^^^^^^^^^^^^^^
  File "/Users/dh935740@reading.ac.uk/PyActiveStorage/activestorage/active.py", line 336, in __getitem__
    return self._get_selection(index)
           ~~~~~~~~~~~~~~~~~~~^^^^^^^
  File "/Users/dh935740@reading.ac.uk/PyActiveStorage/activestorage/active.py", line 467, in _get_selection
    return self._from_storage(ds, indexer, array._chunks, out_shape, dtype,
           ~~~~~~~~~~~~~~~~~~^^^^^^^^^^^^^^^^^^^^^^^^^^^^^^^^^^^^^^^^^^^^^^
                              compressor, filters, drop_axes, self._axis)
                              ^^^^^^^^^^^^^^^^^^^^^^^^^^^^^^^^^^^^^^^^^^^
  File "/Users/dh935740@reading.ac.uk/PyActiveStorage/activestorage/active.py", line 570, in _from_storage
    result, count, out_selection = future.result()
                                   ~~~~~~~~~~~~~^^
  File "/Users/dh935740@reading.ac.uk/miniconda3/envs/activestorage/lib/python3.14/concurrent/futures/_base.py", line 443, in result
    return self.__get_result()
           ~~~~~~~~~~~~~~~~~^^
  File "/Users/dh935740@reading.ac.uk/miniconda3/envs/activestorage/lib/python3.14/concurrent/futures/_base.py", line 395, in __get_result
    raise self._exception
  File "/Users/dh935740@reading.ac.uk/miniconda3/envs/activestorage/lib/python3.14/concurrent/futures/thread.py", line 86, in run
    result = ctx.run(self.task)
  File "/Users/dh935740@reading.ac.uk/miniconda3/envs/activestorage/lib/python3.14/concurrent/futures/thread.py", line 73, in run
    return fn(*args, **kwargs)
  File "/Users/dh935740@reading.ac.uk/PyActiveStorage/activestorage/active.py", line 711, in _process_chunk
    tmp, count = reductionist.reduce_chunk(
                 ~~~~~~~~~~~~~~~~~~~~~~~~~^
        session,
        ^^^^^^^^
    ...<11 lines>...
        axis,
        ^^^^^
        operation=self._method)
        ^^^^^^^^^^^^^^^^^^^^^^^
  File "/Users/dh935740@reading.ac.uk/PyActiveStorage/activestorage/reductionist.py", line 99, in reduce_chunk
    decode_and_raise_error(response)
    ~~~~~~~~~~~~~~~~~~~~~~^^^^^^^^^^
  File "/Users/dh935740@reading.ac.uk/PyActiveStorage/activestorage/reductionist.py", line 262, in decode_and_raise_error
    raise ReductionistError(response.status_code, "-") from exc
activestorage.reductionist.ReductionistError: Reductionist error: HTTP 503: -
       14.94 real         4.15 user         1.29 sys
           361906176  maximum resident set size
                   0  average shared memory size
                   0  average unshared data size
                   0  average unshared stack size
               43457  page reclaims
                  15  page faults
                   0  swaps
                   0  block input operations
                   0  block output operations
                8951  messages sent
               71439  messages received
                   0  signals received
                4172  voluntary context switches
              191497  involuntary context switches
         59189963698  instructions retired
         21337552584  cycles elapsed
           220496880  peak memory footprint
----------------------
Run 14:
S3 Test file path: bnl/ch330a.pc19790301-bnl.nc
Target Variable: UM_m01s16i202_vn1106
Dataset loaded from S3 with s3fs and Pyfive: bnl/ch330a.pc19790301-bnl.nc (0.14,3.8)
Loaded dataset <HDF5 dataset "UM_m01s16i202_vn1106": shape (40, 1920, 2560), type "float32">
Reductionist error: HTTP 503: -
Traceback (most recent call last):
  File "/Users/dh935740@reading.ac.uk/miniconda3/envs/activestorage/lib/python3.14/site-packages/requests/models.py", line 965, in json
    return complexjson.loads(self.content.decode(encoding), **kwargs)
           ~~~~~~~~~~~~~~~~~^^^^^^^^^^^^^^^^^^^^^^^^^^^^^^^^^^^^^^^^^
  File "/Users/dh935740@reading.ac.uk/miniconda3/envs/activestorage/lib/python3.14/json/__init__.py", line 352, in loads
    return _default_decoder.decode(s)
           ~~~~~~~~~~~~~~~~~~~~~~~^^^
  File "/Users/dh935740@reading.ac.uk/miniconda3/envs/activestorage/lib/python3.14/json/decoder.py", line 345, in decode
    obj, end = self.raw_decode(s, idx=_w(s, 0).end())
               ~~~~~~~~~~~~~~~^^^^^^^^^^^^^^^^^^^^^^^
  File "/Users/dh935740@reading.ac.uk/miniconda3/envs/activestorage/lib/python3.14/json/decoder.py", line 363, in raw_decode
    raise JSONDecodeError("Expecting value", s, err.value) from None
json.decoder.JSONDecodeError: Expecting value: line 1 column 1 (char 0)

During handling of the above exception, another exception occurred:

Traceback (most recent call last):
  File "/Users/dh935740@reading.ac.uk/PyActiveStorage/activestorage/reductionist.py", line 259, in decode_and_raise_error
    error = json.dumps(response.json())
                       ~~~~~~~~~~~~~^^
  File "/Users/dh935740@reading.ac.uk/miniconda3/envs/activestorage/lib/python3.14/site-packages/requests/models.py", line 973, in json
    raise RequestsJSONDecodeError(e.msg, e.doc, e.pos)
requests.exceptions.JSONDecodeError: Expecting value: line 1 column 1 (char 0)

The above exception was the direct cause of the following exception:

Traceback (most recent call last):
  File "/Users/dh935740@reading.ac.uk/testing_PyActiveStorage/tests_Varsiha/scripts/run_new_tenancy.py", line 85, in <module>
    final_result = test_s3_file(target_file, target_var, active_slices)
  File "/Users/dh935740@reading.ac.uk/testing_PyActiveStorage/tests_Varsiha/scripts/run_new_tenancy.py", line 38, in test_s3_file
    result = active[sample_slice]
             ~~~~~~^^^^^^^^^^^^^^
  File "/Users/dh935740@reading.ac.uk/PyActiveStorage/activestorage/active.py", line 336, in __getitem__
    return self._get_selection(index)
           ~~~~~~~~~~~~~~~~~~~^^^^^^^
  File "/Users/dh935740@reading.ac.uk/PyActiveStorage/activestorage/active.py", line 467, in _get_selection
    return self._from_storage(ds, indexer, array._chunks, out_shape, dtype,
           ~~~~~~~~~~~~~~~~~~^^^^^^^^^^^^^^^^^^^^^^^^^^^^^^^^^^^^^^^^^^^^^^
                              compressor, filters, drop_axes, self._axis)
                              ^^^^^^^^^^^^^^^^^^^^^^^^^^^^^^^^^^^^^^^^^^^
  File "/Users/dh935740@reading.ac.uk/PyActiveStorage/activestorage/active.py", line 570, in _from_storage
    result, count, out_selection = future.result()
                                   ~~~~~~~~~~~~~^^
  File "/Users/dh935740@reading.ac.uk/miniconda3/envs/activestorage/lib/python3.14/concurrent/futures/_base.py", line 443, in result
    return self.__get_result()
           ~~~~~~~~~~~~~~~~~^^
  File "/Users/dh935740@reading.ac.uk/miniconda3/envs/activestorage/lib/python3.14/concurrent/futures/_base.py", line 395, in __get_result
    raise self._exception
  File "/Users/dh935740@reading.ac.uk/miniconda3/envs/activestorage/lib/python3.14/concurrent/futures/thread.py", line 86, in run
    result = ctx.run(self.task)
  File "/Users/dh935740@reading.ac.uk/miniconda3/envs/activestorage/lib/python3.14/concurrent/futures/thread.py", line 73, in run
    return fn(*args, **kwargs)
  File "/Users/dh935740@reading.ac.uk/PyActiveStorage/activestorage/active.py", line 711, in _process_chunk
    tmp, count = reductionist.reduce_chunk(
                 ~~~~~~~~~~~~~~~~~~~~~~~~~^
        session,
        ^^^^^^^^
    ...<11 lines>...
        axis,
        ^^^^^
        operation=self._method)
        ^^^^^^^^^^^^^^^^^^^^^^^
  File "/Users/dh935740@reading.ac.uk/PyActiveStorage/activestorage/reductionist.py", line 99, in reduce_chunk
    decode_and_raise_error(response)
    ~~~~~~~~~~~~~~~~~~~~~~^^^^^^^^^^
  File "/Users/dh935740@reading.ac.uk/PyActiveStorage/activestorage/reductionist.py", line 262, in decode_and_raise_error
    raise ReductionistError(response.status_code, "-") from exc
activestorage.reductionist.ReductionistError: Reductionist error: HTTP 503: -
       16.37 real        11.21 user         2.32 sys
          1330462720  maximum resident set size
                   0  average shared memory size
                   0  average unshared data size
                   0  average unshared stack size
              114114  page reclaims
                   1  page faults
                   0  swaps
                   0  block input operations
                   0  block output operations
               18559  messages sent
              102814  messages received
                   0  signals received
                8191  voluntary context switches
              278129  involuntary context switches
        158321369922  instructions retired
         50315404844  cycles elapsed
          1205275504  peak memory footprint
----------------------
Run 15:
S3 Test file path: bnl/ch330a.pc19790301-bnl.nc
Target Variable: UM_m01s16i202_vn1106
Dataset loaded from S3 with s3fs and Pyfive: bnl/ch330a.pc19790301-bnl.nc (0.15,3.7)
Loaded dataset <HDF5 dataset "UM_m01s16i202_vn1106": shape (40, 1920, 2560), type "float32">
Reductionist error: HTTP 503: -
Traceback (most recent call last):
  File "/Users/dh935740@reading.ac.uk/miniconda3/envs/activestorage/lib/python3.14/site-packages/requests/models.py", line 965, in json
    return complexjson.loads(self.content.decode(encoding), **kwargs)
           ~~~~~~~~~~~~~~~~~^^^^^^^^^^^^^^^^^^^^^^^^^^^^^^^^^^^^^^^^^
  File "/Users/dh935740@reading.ac.uk/miniconda3/envs/activestorage/lib/python3.14/json/__init__.py", line 352, in loads
    return _default_decoder.decode(s)
           ~~~~~~~~~~~~~~~~~~~~~~~^^^
  File "/Users/dh935740@reading.ac.uk/miniconda3/envs/activestorage/lib/python3.14/json/decoder.py", line 345, in decode
    obj, end = self.raw_decode(s, idx=_w(s, 0).end())
               ~~~~~~~~~~~~~~~^^^^^^^^^^^^^^^^^^^^^^^
  File "/Users/dh935740@reading.ac.uk/miniconda3/envs/activestorage/lib/python3.14/json/decoder.py", line 363, in raw_decode
    raise JSONDecodeError("Expecting value", s, err.value) from None
json.decoder.JSONDecodeError: Expecting value: line 1 column 1 (char 0)

During handling of the above exception, another exception occurred:

Traceback (most recent call last):
  File "/Users/dh935740@reading.ac.uk/PyActiveStorage/activestorage/reductionist.py", line 259, in decode_and_raise_error
    error = json.dumps(response.json())
                       ~~~~~~~~~~~~~^^
  File "/Users/dh935740@reading.ac.uk/miniconda3/envs/activestorage/lib/python3.14/site-packages/requests/models.py", line 973, in json
    raise RequestsJSONDecodeError(e.msg, e.doc, e.pos)
requests.exceptions.JSONDecodeError: Expecting value: line 1 column 1 (char 0)

The above exception was the direct cause of the following exception:

Traceback (most recent call last):
  File "/Users/dh935740@reading.ac.uk/testing_PyActiveStorage/tests_Varsiha/scripts/run_new_tenancy.py", line 85, in <module>
    final_result = test_s3_file(target_file, target_var, active_slices)
  File "/Users/dh935740@reading.ac.uk/testing_PyActiveStorage/tests_Varsiha/scripts/run_new_tenancy.py", line 38, in test_s3_file
    result = active[sample_slice]
             ~~~~~~^^^^^^^^^^^^^^
  File "/Users/dh935740@reading.ac.uk/PyActiveStorage/activestorage/active.py", line 336, in __getitem__
    return self._get_selection(index)
           ~~~~~~~~~~~~~~~~~~~^^^^^^^
  File "/Users/dh935740@reading.ac.uk/PyActiveStorage/activestorage/active.py", line 467, in _get_selection
    return self._from_storage(ds, indexer, array._chunks, out_shape, dtype,
           ~~~~~~~~~~~~~~~~~~^^^^^^^^^^^^^^^^^^^^^^^^^^^^^^^^^^^^^^^^^^^^^^
                              compressor, filters, drop_axes, self._axis)
                              ^^^^^^^^^^^^^^^^^^^^^^^^^^^^^^^^^^^^^^^^^^^
  File "/Users/dh935740@reading.ac.uk/PyActiveStorage/activestorage/active.py", line 570, in _from_storage
    result, count, out_selection = future.result()
                                   ~~~~~~~~~~~~~^^
  File "/Users/dh935740@reading.ac.uk/miniconda3/envs/activestorage/lib/python3.14/concurrent/futures/_base.py", line 443, in result
    return self.__get_result()
           ~~~~~~~~~~~~~~~~~^^
  File "/Users/dh935740@reading.ac.uk/miniconda3/envs/activestorage/lib/python3.14/concurrent/futures/_base.py", line 395, in __get_result
    raise self._exception
  File "/Users/dh935740@reading.ac.uk/miniconda3/envs/activestorage/lib/python3.14/concurrent/futures/thread.py", line 86, in run
    result = ctx.run(self.task)
  File "/Users/dh935740@reading.ac.uk/miniconda3/envs/activestorage/lib/python3.14/concurrent/futures/thread.py", line 73, in run
    return fn(*args, **kwargs)
  File "/Users/dh935740@reading.ac.uk/PyActiveStorage/activestorage/active.py", line 711, in _process_chunk
    tmp, count = reductionist.reduce_chunk(
                 ~~~~~~~~~~~~~~~~~~~~~~~~~^
        session,
        ^^^^^^^^
    ...<11 lines>...
        axis,
        ^^^^^
        operation=self._method)
        ^^^^^^^^^^^^^^^^^^^^^^^
  File "/Users/dh935740@reading.ac.uk/PyActiveStorage/activestorage/reductionist.py", line 99, in reduce_chunk
    decode_and_raise_error(response)
    ~~~~~~~~~~~~~~~~~~~~~~^^^^^^^^^^
  File "/Users/dh935740@reading.ac.uk/PyActiveStorage/activestorage/reductionist.py", line 262, in decode_and_raise_error
    raise ReductionistError(response.status_code, "-") from exc
activestorage.reductionist.ReductionistError: Reductionist error: HTTP 503: -
       15.05 real         4.12 user         1.31 sys
           355549184  maximum resident set size
                   0  average shared memory size
                   0  average unshared data size
                   0  average unshared stack size
               53791  page reclaims
                  30  page faults
                   0  swaps
                   0  block input operations
                   0  block output operations
                8943  messages sent
               71151  messages received
                   0  signals received
                4189  voluntary context switches
              188586  involuntary context switches
         59207678194  instructions retired
         21195262003  cycles elapsed
           212124680  peak memory footprint
----------------------
Run 16:
S3 Test file path: bnl/ch330a.pc19790301-bnl.nc
Target Variable: UM_m01s16i202_vn1106
Dataset loaded from S3 with s3fs and Pyfive: bnl/ch330a.pc19790301-bnl.nc (0.14,3.7)
Loaded dataset <HDF5 dataset "UM_m01s16i202_vn1106": shape (40, 1920, 2560), type "float32">
Reductionist error: HTTP 503: -
Traceback (most recent call last):
  File "/Users/dh935740@reading.ac.uk/miniconda3/envs/activestorage/lib/python3.14/site-packages/requests/models.py", line 965, in json
    return complexjson.loads(self.content.decode(encoding), **kwargs)
           ~~~~~~~~~~~~~~~~~^^^^^^^^^^^^^^^^^^^^^^^^^^^^^^^^^^^^^^^^^
  File "/Users/dh935740@reading.ac.uk/miniconda3/envs/activestorage/lib/python3.14/json/__init__.py", line 352, in loads
    return _default_decoder.decode(s)
           ~~~~~~~~~~~~~~~~~~~~~~~^^^
  File "/Users/dh935740@reading.ac.uk/miniconda3/envs/activestorage/lib/python3.14/json/decoder.py", line 345, in decode
    obj, end = self.raw_decode(s, idx=_w(s, 0).end())
               ~~~~~~~~~~~~~~~^^^^^^^^^^^^^^^^^^^^^^^
  File "/Users/dh935740@reading.ac.uk/miniconda3/envs/activestorage/lib/python3.14/json/decoder.py", line 363, in raw_decode
    raise JSONDecodeError("Expecting value", s, err.value) from None
json.decoder.JSONDecodeError: Expecting value: line 1 column 1 (char 0)

During handling of the above exception, another exception occurred:

Traceback (most recent call last):
  File "/Users/dh935740@reading.ac.uk/PyActiveStorage/activestorage/reductionist.py", line 259, in decode_and_raise_error
    error = json.dumps(response.json())
                       ~~~~~~~~~~~~~^^
  File "/Users/dh935740@reading.ac.uk/miniconda3/envs/activestorage/lib/python3.14/site-packages/requests/models.py", line 973, in json
    raise RequestsJSONDecodeError(e.msg, e.doc, e.pos)
requests.exceptions.JSONDecodeError: Expecting value: line 1 column 1 (char 0)

The above exception was the direct cause of the following exception:

Traceback (most recent call last):
  File "/Users/dh935740@reading.ac.uk/testing_PyActiveStorage/tests_Varsiha/scripts/run_new_tenancy.py", line 85, in <module>
    final_result = test_s3_file(target_file, target_var, active_slices)
  File "/Users/dh935740@reading.ac.uk/testing_PyActiveStorage/tests_Varsiha/scripts/run_new_tenancy.py", line 38, in test_s3_file
    result = active[sample_slice]
             ~~~~~~^^^^^^^^^^^^^^
  File "/Users/dh935740@reading.ac.uk/PyActiveStorage/activestorage/active.py", line 336, in __getitem__
    return self._get_selection(index)
           ~~~~~~~~~~~~~~~~~~~^^^^^^^
  File "/Users/dh935740@reading.ac.uk/PyActiveStorage/activestorage/active.py", line 467, in _get_selection
    return self._from_storage(ds, indexer, array._chunks, out_shape, dtype,
           ~~~~~~~~~~~~~~~~~~^^^^^^^^^^^^^^^^^^^^^^^^^^^^^^^^^^^^^^^^^^^^^^
                              compressor, filters, drop_axes, self._axis)
                              ^^^^^^^^^^^^^^^^^^^^^^^^^^^^^^^^^^^^^^^^^^^
  File "/Users/dh935740@reading.ac.uk/PyActiveStorage/activestorage/active.py", line 570, in _from_storage
    result, count, out_selection = future.result()
                                   ~~~~~~~~~~~~~^^
  File "/Users/dh935740@reading.ac.uk/miniconda3/envs/activestorage/lib/python3.14/concurrent/futures/_base.py", line 443, in result
    return self.__get_result()
           ~~~~~~~~~~~~~~~~~^^
  File "/Users/dh935740@reading.ac.uk/miniconda3/envs/activestorage/lib/python3.14/concurrent/futures/_base.py", line 395, in __get_result
    raise self._exception
  File "/Users/dh935740@reading.ac.uk/miniconda3/envs/activestorage/lib/python3.14/concurrent/futures/thread.py", line 86, in run
    result = ctx.run(self.task)
  File "/Users/dh935740@reading.ac.uk/miniconda3/envs/activestorage/lib/python3.14/concurrent/futures/thread.py", line 73, in run
    return fn(*args, **kwargs)
  File "/Users/dh935740@reading.ac.uk/PyActiveStorage/activestorage/active.py", line 711, in _process_chunk
    tmp, count = reductionist.reduce_chunk(
                 ~~~~~~~~~~~~~~~~~~~~~~~~~^
        session,
        ^^^^^^^^
    ...<11 lines>...
        axis,
        ^^^^^
        operation=self._method)
        ^^^^^^^^^^^^^^^^^^^^^^^
  File "/Users/dh935740@reading.ac.uk/PyActiveStorage/activestorage/reductionist.py", line 99, in reduce_chunk
    decode_and_raise_error(response)
    ~~~~~~~~~~~~~~~~~~~~~~^^^^^^^^^^
  File "/Users/dh935740@reading.ac.uk/PyActiveStorage/activestorage/reductionist.py", line 262, in decode_and_raise_error
    raise ReductionistError(response.status_code, "-") from exc
activestorage.reductionist.ReductionistError: Reductionist error: HTTP 503: -
       16.31 real        10.96 user         2.22 sys
          1354661888  maximum resident set size
                   0  average shared memory size
                   0  average unshared data size
                   0  average unshared stack size
              110432  page reclaims
                   1  page faults
                   0  swaps
                   0  block input operations
                   0  block output operations
               18175  messages sent
              101599  messages received
                   0  signals received
                8080  voluntary context switches
              267644  involuntary context switches
        153978518168  instructions retired
         48614517008  cycles elapsed
          1171622792  peak memory footprint
----------------------
Run 17:
S3 Test file path: bnl/ch330a.pc19790301-bnl.nc
Target Variable: UM_m01s16i202_vn1106
Dataset loaded from S3 with s3fs and Pyfive: bnl/ch330a.pc19790301-bnl.nc (0.15,3.7)
Loaded dataset <HDF5 dataset "UM_m01s16i202_vn1106": shape (40, 1920, 2560), type "float32">
Reductionist error: HTTP 503: -
Traceback (most recent call last):
  File "/Users/dh935740@reading.ac.uk/miniconda3/envs/activestorage/lib/python3.14/site-packages/requests/models.py", line 965, in json
    return complexjson.loads(self.content.decode(encoding), **kwargs)
           ~~~~~~~~~~~~~~~~~^^^^^^^^^^^^^^^^^^^^^^^^^^^^^^^^^^^^^^^^^
  File "/Users/dh935740@reading.ac.uk/miniconda3/envs/activestorage/lib/python3.14/json/__init__.py", line 352, in loads
    return _default_decoder.decode(s)
           ~~~~~~~~~~~~~~~~~~~~~~~^^^
  File "/Users/dh935740@reading.ac.uk/miniconda3/envs/activestorage/lib/python3.14/json/decoder.py", line 345, in decode
    obj, end = self.raw_decode(s, idx=_w(s, 0).end())
               ~~~~~~~~~~~~~~~^^^^^^^^^^^^^^^^^^^^^^^
  File "/Users/dh935740@reading.ac.uk/miniconda3/envs/activestorage/lib/python3.14/json/decoder.py", line 363, in raw_decode
    raise JSONDecodeError("Expecting value", s, err.value) from None
json.decoder.JSONDecodeError: Expecting value: line 1 column 1 (char 0)

During handling of the above exception, another exception occurred:

Traceback (most recent call last):
  File "/Users/dh935740@reading.ac.uk/PyActiveStorage/activestorage/reductionist.py", line 259, in decode_and_raise_error
    error = json.dumps(response.json())
                       ~~~~~~~~~~~~~^^
  File "/Users/dh935740@reading.ac.uk/miniconda3/envs/activestorage/lib/python3.14/site-packages/requests/models.py", line 973, in json
    raise RequestsJSONDecodeError(e.msg, e.doc, e.pos)
requests.exceptions.JSONDecodeError: Expecting value: line 1 column 1 (char 0)

The above exception was the direct cause of the following exception:

Traceback (most recent call last):
  File "/Users/dh935740@reading.ac.uk/testing_PyActiveStorage/tests_Varsiha/scripts/run_new_tenancy.py", line 85, in <module>
    final_result = test_s3_file(target_file, target_var, active_slices)
  File "/Users/dh935740@reading.ac.uk/testing_PyActiveStorage/tests_Varsiha/scripts/run_new_tenancy.py", line 38, in test_s3_file
    result = active[sample_slice]
             ~~~~~~^^^^^^^^^^^^^^
  File "/Users/dh935740@reading.ac.uk/PyActiveStorage/activestorage/active.py", line 336, in __getitem__
    return self._get_selection(index)
           ~~~~~~~~~~~~~~~~~~~^^^^^^^
  File "/Users/dh935740@reading.ac.uk/PyActiveStorage/activestorage/active.py", line 467, in _get_selection
    return self._from_storage(ds, indexer, array._chunks, out_shape, dtype,
           ~~~~~~~~~~~~~~~~~~^^^^^^^^^^^^^^^^^^^^^^^^^^^^^^^^^^^^^^^^^^^^^^
                              compressor, filters, drop_axes, self._axis)
                              ^^^^^^^^^^^^^^^^^^^^^^^^^^^^^^^^^^^^^^^^^^^
  File "/Users/dh935740@reading.ac.uk/PyActiveStorage/activestorage/active.py", line 570, in _from_storage
    result, count, out_selection = future.result()
                                   ~~~~~~~~~~~~~^^
  File "/Users/dh935740@reading.ac.uk/miniconda3/envs/activestorage/lib/python3.14/concurrent/futures/_base.py", line 443, in result
    return self.__get_result()
           ~~~~~~~~~~~~~~~~~^^
  File "/Users/dh935740@reading.ac.uk/miniconda3/envs/activestorage/lib/python3.14/concurrent/futures/_base.py", line 395, in __get_result
    raise self._exception
  File "/Users/dh935740@reading.ac.uk/miniconda3/envs/activestorage/lib/python3.14/concurrent/futures/thread.py", line 86, in run
    result = ctx.run(self.task)
  File "/Users/dh935740@reading.ac.uk/miniconda3/envs/activestorage/lib/python3.14/concurrent/futures/thread.py", line 73, in run
    return fn(*args, **kwargs)
  File "/Users/dh935740@reading.ac.uk/PyActiveStorage/activestorage/active.py", line 711, in _process_chunk
    tmp, count = reductionist.reduce_chunk(
                 ~~~~~~~~~~~~~~~~~~~~~~~~~^
        session,
        ^^^^^^^^
    ...<11 lines>...
        axis,
        ^^^^^
        operation=self._method)
        ^^^^^^^^^^^^^^^^^^^^^^^
  File "/Users/dh935740@reading.ac.uk/PyActiveStorage/activestorage/reductionist.py", line 99, in reduce_chunk
    decode_and_raise_error(response)
    ~~~~~~~~~~~~~~~~~~~~~~^^^^^^^^^^
  File "/Users/dh935740@reading.ac.uk/PyActiveStorage/activestorage/reductionist.py", line 262, in decode_and_raise_error
    raise ReductionistError(response.status_code, "-") from exc
activestorage.reductionist.ReductionistError: Reductionist error: HTTP 503: -
       15.25 real         4.28 user         1.34 sys
           369655808  maximum resident set size
                   0  average shared memory size
                   0  average unshared data size
                   0  average unshared stack size
               50043  page reclaims
                  30  page faults
                   0  swaps
                   0  block input operations
                   0  block output operations
                9127  messages sent
               72359  messages received
                   0  signals received
                4373  voluntary context switches
              195161  involuntary context switches
         61197363592  instructions retired
         21982283255  cycles elapsed
           216073152  peak memory footprint
----------------------
Run 18:
S3 Test file path: bnl/ch330a.pc19790301-bnl.nc
Target Variable: UM_m01s16i202_vn1106
Dataset loaded from S3 with s3fs and Pyfive: bnl/ch330a.pc19790301-bnl.nc (0.18,3.8)
Loaded dataset <HDF5 dataset "UM_m01s16i202_vn1106": shape (40, 1920, 2560), type "float32">
Reductionist error: HTTP 503: -
Traceback (most recent call last):
  File "/Users/dh935740@reading.ac.uk/miniconda3/envs/activestorage/lib/python3.14/site-packages/requests/models.py", line 965, in json
    return complexjson.loads(self.content.decode(encoding), **kwargs)
           ~~~~~~~~~~~~~~~~~^^^^^^^^^^^^^^^^^^^^^^^^^^^^^^^^^^^^^^^^^
  File "/Users/dh935740@reading.ac.uk/miniconda3/envs/activestorage/lib/python3.14/json/__init__.py", line 352, in loads
    return _default_decoder.decode(s)
           ~~~~~~~~~~~~~~~~~~~~~~~^^^
  File "/Users/dh935740@reading.ac.uk/miniconda3/envs/activestorage/lib/python3.14/json/decoder.py", line 345, in decode
    obj, end = self.raw_decode(s, idx=_w(s, 0).end())
               ~~~~~~~~~~~~~~~^^^^^^^^^^^^^^^^^^^^^^^
  File "/Users/dh935740@reading.ac.uk/miniconda3/envs/activestorage/lib/python3.14/json/decoder.py", line 363, in raw_decode
    raise JSONDecodeError("Expecting value", s, err.value) from None
json.decoder.JSONDecodeError: Expecting value: line 1 column 1 (char 0)

During handling of the above exception, another exception occurred:

Traceback (most recent call last):
  File "/Users/dh935740@reading.ac.uk/PyActiveStorage/activestorage/reductionist.py", line 259, in decode_and_raise_error
    error = json.dumps(response.json())
                       ~~~~~~~~~~~~~^^
  File "/Users/dh935740@reading.ac.uk/miniconda3/envs/activestorage/lib/python3.14/site-packages/requests/models.py", line 973, in json
    raise RequestsJSONDecodeError(e.msg, e.doc, e.pos)
requests.exceptions.JSONDecodeError: Expecting value: line 1 column 1 (char 0)

The above exception was the direct cause of the following exception:

Traceback (most recent call last):
  File "/Users/dh935740@reading.ac.uk/testing_PyActiveStorage/tests_Varsiha/scripts/run_new_tenancy.py", line 85, in <module>
    final_result = test_s3_file(target_file, target_var, active_slices)
  File "/Users/dh935740@reading.ac.uk/testing_PyActiveStorage/tests_Varsiha/scripts/run_new_tenancy.py", line 38, in test_s3_file
    result = active[sample_slice]
             ~~~~~~^^^^^^^^^^^^^^
  File "/Users/dh935740@reading.ac.uk/PyActiveStorage/activestorage/active.py", line 336, in __getitem__
    return self._get_selection(index)
           ~~~~~~~~~~~~~~~~~~~^^^^^^^
  File "/Users/dh935740@reading.ac.uk/PyActiveStorage/activestorage/active.py", line 467, in _get_selection
    return self._from_storage(ds, indexer, array._chunks, out_shape, dtype,
           ~~~~~~~~~~~~~~~~~~^^^^^^^^^^^^^^^^^^^^^^^^^^^^^^^^^^^^^^^^^^^^^^
                              compressor, filters, drop_axes, self._axis)
                              ^^^^^^^^^^^^^^^^^^^^^^^^^^^^^^^^^^^^^^^^^^^
  File "/Users/dh935740@reading.ac.uk/PyActiveStorage/activestorage/active.py", line 570, in _from_storage
    result, count, out_selection = future.result()
                                   ~~~~~~~~~~~~~^^
  File "/Users/dh935740@reading.ac.uk/miniconda3/envs/activestorage/lib/python3.14/concurrent/futures/_base.py", line 443, in result
    return self.__get_result()
           ~~~~~~~~~~~~~~~~~^^
  File "/Users/dh935740@reading.ac.uk/miniconda3/envs/activestorage/lib/python3.14/concurrent/futures/_base.py", line 395, in __get_result
    raise self._exception
  File "/Users/dh935740@reading.ac.uk/miniconda3/envs/activestorage/lib/python3.14/concurrent/futures/thread.py", line 86, in run
    result = ctx.run(self.task)
  File "/Users/dh935740@reading.ac.uk/miniconda3/envs/activestorage/lib/python3.14/concurrent/futures/thread.py", line 73, in run
    return fn(*args, **kwargs)
  File "/Users/dh935740@reading.ac.uk/PyActiveStorage/activestorage/active.py", line 711, in _process_chunk
    tmp, count = reductionist.reduce_chunk(
                 ~~~~~~~~~~~~~~~~~~~~~~~~~^
        session,
        ^^^^^^^^
    ...<11 lines>...
        axis,
        ^^^^^
        operation=self._method)
        ^^^^^^^^^^^^^^^^^^^^^^^
  File "/Users/dh935740@reading.ac.uk/PyActiveStorage/activestorage/reductionist.py", line 99, in reduce_chunk
    decode_and_raise_error(response)
    ~~~~~~~~~~~~~~~~~~~~~~^^^^^^^^^^
  File "/Users/dh935740@reading.ac.uk/PyActiveStorage/activestorage/reductionist.py", line 262, in decode_and_raise_error
    raise ReductionistError(response.status_code, "-") from exc
activestorage.reductionist.ReductionistError: Reductionist error: HTTP 503: -
       16.93 real        10.08 user         2.18 sys
          1017774080  maximum resident set size
                   0  average shared memory size
                   0  average unshared data size
                   0  average unshared stack size
              101245  page reclaims
                   1  page faults
                   0  swaps
                   0  block input operations
                   0  block output operations
               16639  messages sent
               98215  messages received
                   0  signals received
                7190  voluntary context switches
              269303  involuntary context switches
        138880175616  instructions retired
         45555316718  cycles elapsed
          1030769400  peak memory footprint
----------------------
Run 19:
S3 Test file path: bnl/ch330a.pc19790301-bnl.nc
Target Variable: UM_m01s16i202_vn1106
Dataset loaded from S3 with s3fs and Pyfive: bnl/ch330a.pc19790301-bnl.nc (0.14,3.7)
Loaded dataset <HDF5 dataset "UM_m01s16i202_vn1106": shape (40, 1920, 2560), type "float32">
Reductionist error: HTTP 503: -
Traceback (most recent call last):
  File "/Users/dh935740@reading.ac.uk/miniconda3/envs/activestorage/lib/python3.14/site-packages/requests/models.py", line 965, in json
    return complexjson.loads(self.content.decode(encoding), **kwargs)
           ~~~~~~~~~~~~~~~~~^^^^^^^^^^^^^^^^^^^^^^^^^^^^^^^^^^^^^^^^^
  File "/Users/dh935740@reading.ac.uk/miniconda3/envs/activestorage/lib/python3.14/json/__init__.py", line 352, in loads
    return _default_decoder.decode(s)
           ~~~~~~~~~~~~~~~~~~~~~~~^^^
  File "/Users/dh935740@reading.ac.uk/miniconda3/envs/activestorage/lib/python3.14/json/decoder.py", line 345, in decode
    obj, end = self.raw_decode(s, idx=_w(s, 0).end())
               ~~~~~~~~~~~~~~~^^^^^^^^^^^^^^^^^^^^^^^
  File "/Users/dh935740@reading.ac.uk/miniconda3/envs/activestorage/lib/python3.14/json/decoder.py", line 363, in raw_decode
    raise JSONDecodeError("Expecting value", s, err.value) from None
json.decoder.JSONDecodeError: Expecting value: line 1 column 1 (char 0)

During handling of the above exception, another exception occurred:

Traceback (most recent call last):
  File "/Users/dh935740@reading.ac.uk/PyActiveStorage/activestorage/reductionist.py", line 259, in decode_and_raise_error
    error = json.dumps(response.json())
                       ~~~~~~~~~~~~~^^
  File "/Users/dh935740@reading.ac.uk/miniconda3/envs/activestorage/lib/python3.14/site-packages/requests/models.py", line 973, in json
    raise RequestsJSONDecodeError(e.msg, e.doc, e.pos)
requests.exceptions.JSONDecodeError: Expecting value: line 1 column 1 (char 0)

The above exception was the direct cause of the following exception:

Traceback (most recent call last):
  File "/Users/dh935740@reading.ac.uk/testing_PyActiveStorage/tests_Varsiha/scripts/run_new_tenancy.py", line 85, in <module>
    final_result = test_s3_file(target_file, target_var, active_slices)
  File "/Users/dh935740@reading.ac.uk/testing_PyActiveStorage/tests_Varsiha/scripts/run_new_tenancy.py", line 38, in test_s3_file
    result = active[sample_slice]
             ~~~~~~^^^^^^^^^^^^^^
  File "/Users/dh935740@reading.ac.uk/PyActiveStorage/activestorage/active.py", line 336, in __getitem__
    return self._get_selection(index)
           ~~~~~~~~~~~~~~~~~~~^^^^^^^
  File "/Users/dh935740@reading.ac.uk/PyActiveStorage/activestorage/active.py", line 467, in _get_selection
    return self._from_storage(ds, indexer, array._chunks, out_shape, dtype,
           ~~~~~~~~~~~~~~~~~~^^^^^^^^^^^^^^^^^^^^^^^^^^^^^^^^^^^^^^^^^^^^^^
                              compressor, filters, drop_axes, self._axis)
                              ^^^^^^^^^^^^^^^^^^^^^^^^^^^^^^^^^^^^^^^^^^^
  File "/Users/dh935740@reading.ac.uk/PyActiveStorage/activestorage/active.py", line 570, in _from_storage
    result, count, out_selection = future.result()
                                   ~~~~~~~~~~~~~^^
  File "/Users/dh935740@reading.ac.uk/miniconda3/envs/activestorage/lib/python3.14/concurrent/futures/_base.py", line 443, in result
    return self.__get_result()
           ~~~~~~~~~~~~~~~~~^^
  File "/Users/dh935740@reading.ac.uk/miniconda3/envs/activestorage/lib/python3.14/concurrent/futures/_base.py", line 395, in __get_result
    raise self._exception
  File "/Users/dh935740@reading.ac.uk/miniconda3/envs/activestorage/lib/python3.14/concurrent/futures/thread.py", line 86, in run
    result = ctx.run(self.task)
  File "/Users/dh935740@reading.ac.uk/miniconda3/envs/activestorage/lib/python3.14/concurrent/futures/thread.py", line 73, in run
    return fn(*args, **kwargs)
  File "/Users/dh935740@reading.ac.uk/PyActiveStorage/activestorage/active.py", line 711, in _process_chunk
    tmp, count = reductionist.reduce_chunk(
                 ~~~~~~~~~~~~~~~~~~~~~~~~~^
        session,
        ^^^^^^^^
    ...<11 lines>...
        axis,
        ^^^^^
        operation=self._method)
        ^^^^^^^^^^^^^^^^^^^^^^^
  File "/Users/dh935740@reading.ac.uk/PyActiveStorage/activestorage/reductionist.py", line 99, in reduce_chunk
    decode_and_raise_error(response)
    ~~~~~~~~~~~~~~~~~~~~~~^^^^^^^^^^
  File "/Users/dh935740@reading.ac.uk/PyActiveStorage/activestorage/reductionist.py", line 262, in decode_and_raise_error
    raise ReductionistError(response.status_code, "-") from exc
activestorage.reductionist.ReductionistError: Reductionist error: HTTP 503: -
       15.75 real         4.59 user         1.40 sys
           357957632  maximum resident set size
                   0  average shared memory size
                   0  average unshared data size
                   0  average unshared stack size
               47306  page reclaims
                   5  page faults
                   0  swaps
                   0  block input operations
                   0  block output operations
                9455  messages sent
               74857  messages received
                   0  signals received
                4447  voluntary context switches
              204039  involuntary context switches
         64939092722  instructions retired
         23449549927  cycles elapsed
           211993560  peak memory footprint
----------------------
Run 20:
S3 Test file path: bnl/ch330a.pc19790301-bnl.nc
Target Variable: UM_m01s16i202_vn1106
Dataset loaded from S3 with s3fs and Pyfive: bnl/ch330a.pc19790301-bnl.nc (0.14,3.8)
Loaded dataset <HDF5 dataset "UM_m01s16i202_vn1106": shape (40, 1920, 2560), type "float32">
Reductionist error: HTTP 503: -
Traceback (most recent call last):
  File "/Users/dh935740@reading.ac.uk/miniconda3/envs/activestorage/lib/python3.14/site-packages/requests/models.py", line 965, in json
    return complexjson.loads(self.content.decode(encoding), **kwargs)
           ~~~~~~~~~~~~~~~~~^^^^^^^^^^^^^^^^^^^^^^^^^^^^^^^^^^^^^^^^^
  File "/Users/dh935740@reading.ac.uk/miniconda3/envs/activestorage/lib/python3.14/json/__init__.py", line 352, in loads
    return _default_decoder.decode(s)
           ~~~~~~~~~~~~~~~~~~~~~~~^^^
  File "/Users/dh935740@reading.ac.uk/miniconda3/envs/activestorage/lib/python3.14/json/decoder.py", line 345, in decode
    obj, end = self.raw_decode(s, idx=_w(s, 0).end())
               ~~~~~~~~~~~~~~~^^^^^^^^^^^^^^^^^^^^^^^
  File "/Users/dh935740@reading.ac.uk/miniconda3/envs/activestorage/lib/python3.14/json/decoder.py", line 363, in raw_decode
    raise JSONDecodeError("Expecting value", s, err.value) from None
json.decoder.JSONDecodeError: Expecting value: line 1 column 1 (char 0)

During handling of the above exception, another exception occurred:

Traceback (most recent call last):
  File "/Users/dh935740@reading.ac.uk/PyActiveStorage/activestorage/reductionist.py", line 259, in decode_and_raise_error
    error = json.dumps(response.json())
                       ~~~~~~~~~~~~~^^
  File "/Users/dh935740@reading.ac.uk/miniconda3/envs/activestorage/lib/python3.14/site-packages/requests/models.py", line 973, in json
    raise RequestsJSONDecodeError(e.msg, e.doc, e.pos)
requests.exceptions.JSONDecodeError: Expecting value: line 1 column 1 (char 0)

The above exception was the direct cause of the following exception:

Traceback (most recent call last):
  File "/Users/dh935740@reading.ac.uk/testing_PyActiveStorage/tests_Varsiha/scripts/run_new_tenancy.py", line 85, in <module>
    final_result = test_s3_file(target_file, target_var, active_slices)
  File "/Users/dh935740@reading.ac.uk/testing_PyActiveStorage/tests_Varsiha/scripts/run_new_tenancy.py", line 38, in test_s3_file
    result = active[sample_slice]
             ~~~~~~^^^^^^^^^^^^^^
  File "/Users/dh935740@reading.ac.uk/PyActiveStorage/activestorage/active.py", line 336, in __getitem__
    return self._get_selection(index)
           ~~~~~~~~~~~~~~~~~~~^^^^^^^
  File "/Users/dh935740@reading.ac.uk/PyActiveStorage/activestorage/active.py", line 467, in _get_selection
    return self._from_storage(ds, indexer, array._chunks, out_shape, dtype,
           ~~~~~~~~~~~~~~~~~~^^^^^^^^^^^^^^^^^^^^^^^^^^^^^^^^^^^^^^^^^^^^^^
                              compressor, filters, drop_axes, self._axis)
                              ^^^^^^^^^^^^^^^^^^^^^^^^^^^^^^^^^^^^^^^^^^^
  File "/Users/dh935740@reading.ac.uk/PyActiveStorage/activestorage/active.py", line 570, in _from_storage
    result, count, out_selection = future.result()
                                   ~~~~~~~~~~~~~^^
  File "/Users/dh935740@reading.ac.uk/miniconda3/envs/activestorage/lib/python3.14/concurrent/futures/_base.py", line 443, in result
    return self.__get_result()
           ~~~~~~~~~~~~~~~~~^^
  File "/Users/dh935740@reading.ac.uk/miniconda3/envs/activestorage/lib/python3.14/concurrent/futures/_base.py", line 395, in __get_result
    raise self._exception
  File "/Users/dh935740@reading.ac.uk/miniconda3/envs/activestorage/lib/python3.14/concurrent/futures/thread.py", line 86, in run
    result = ctx.run(self.task)
  File "/Users/dh935740@reading.ac.uk/miniconda3/envs/activestorage/lib/python3.14/concurrent/futures/thread.py", line 73, in run
    return fn(*args, **kwargs)
  File "/Users/dh935740@reading.ac.uk/PyActiveStorage/activestorage/active.py", line 711, in _process_chunk
    tmp, count = reductionist.reduce_chunk(
                 ~~~~~~~~~~~~~~~~~~~~~~~~~^
        session,
        ^^^^^^^^
    ...<11 lines>...
        axis,
        ^^^^^
        operation=self._method)
        ^^^^^^^^^^^^^^^^^^^^^^^
  File "/Users/dh935740@reading.ac.uk/PyActiveStorage/activestorage/reductionist.py", line 99, in reduce_chunk
    decode_and_raise_error(response)
    ~~~~~~~~~~~~~~~~~~~~~~^^^^^^^^^^
  File "/Users/dh935740@reading.ac.uk/PyActiveStorage/activestorage/reductionist.py", line 262, in decode_and_raise_error
    raise ReductionistError(response.status_code, "-") from exc
activestorage.reductionist.ReductionistError: Reductionist error: HTTP 503: -
       16.12 real        11.14 user         2.26 sys
          1401700352  maximum resident set size
                   0  average shared memory size
                   0  average unshared data size
                   0  average unshared stack size
              121990  page reclaims
                   1  page faults
                   0  swaps
                   0  block input operations
                   0  block output operations
               18487  messages sent
              102374  messages received
                   0  signals received
                8210  voluntary context switches
              265559  involuntary context switches
        157241493944  instructions retired
         49277314740  cycles elapsed
          1222626160  peak memory footprint
----------------------
Run 21:
S3 Test file path: bnl/ch330a.pc19790301-bnl.nc
Target Variable: UM_m01s16i202_vn1106
Dataset loaded from S3 with s3fs and Pyfive: bnl/ch330a.pc19790301-bnl.nc (0.15,3.7)
Loaded dataset <HDF5 dataset "UM_m01s16i202_vn1106": shape (40, 1920, 2560), type "float32">
Reductionist error: HTTP 503: -
Traceback (most recent call last):
  File "/Users/dh935740@reading.ac.uk/miniconda3/envs/activestorage/lib/python3.14/site-packages/requests/models.py", line 965, in json
    return complexjson.loads(self.content.decode(encoding), **kwargs)
           ~~~~~~~~~~~~~~~~~^^^^^^^^^^^^^^^^^^^^^^^^^^^^^^^^^^^^^^^^^
  File "/Users/dh935740@reading.ac.uk/miniconda3/envs/activestorage/lib/python3.14/json/__init__.py", line 352, in loads
    return _default_decoder.decode(s)
           ~~~~~~~~~~~~~~~~~~~~~~~^^^
  File "/Users/dh935740@reading.ac.uk/miniconda3/envs/activestorage/lib/python3.14/json/decoder.py", line 345, in decode
    obj, end = self.raw_decode(s, idx=_w(s, 0).end())
               ~~~~~~~~~~~~~~~^^^^^^^^^^^^^^^^^^^^^^^
  File "/Users/dh935740@reading.ac.uk/miniconda3/envs/activestorage/lib/python3.14/json/decoder.py", line 363, in raw_decode
    raise JSONDecodeError("Expecting value", s, err.value) from None
json.decoder.JSONDecodeError: Expecting value: line 1 column 1 (char 0)

During handling of the above exception, another exception occurred:

Traceback (most recent call last):
  File "/Users/dh935740@reading.ac.uk/PyActiveStorage/activestorage/reductionist.py", line 259, in decode_and_raise_error
    error = json.dumps(response.json())
                       ~~~~~~~~~~~~~^^
  File "/Users/dh935740@reading.ac.uk/miniconda3/envs/activestorage/lib/python3.14/site-packages/requests/models.py", line 973, in json
    raise RequestsJSONDecodeError(e.msg, e.doc, e.pos)
requests.exceptions.JSONDecodeError: Expecting value: line 1 column 1 (char 0)

The above exception was the direct cause of the following exception:

Traceback (most recent call last):
  File "/Users/dh935740@reading.ac.uk/testing_PyActiveStorage/tests_Varsiha/scripts/run_new_tenancy.py", line 85, in <module>
    final_result = test_s3_file(target_file, target_var, active_slices)
  File "/Users/dh935740@reading.ac.uk/testing_PyActiveStorage/tests_Varsiha/scripts/run_new_tenancy.py", line 38, in test_s3_file
    result = active[sample_slice]
             ~~~~~~^^^^^^^^^^^^^^
  File "/Users/dh935740@reading.ac.uk/PyActiveStorage/activestorage/active.py", line 336, in __getitem__
    return self._get_selection(index)
           ~~~~~~~~~~~~~~~~~~~^^^^^^^
  File "/Users/dh935740@reading.ac.uk/PyActiveStorage/activestorage/active.py", line 467, in _get_selection
    return self._from_storage(ds, indexer, array._chunks, out_shape, dtype,
           ~~~~~~~~~~~~~~~~~~^^^^^^^^^^^^^^^^^^^^^^^^^^^^^^^^^^^^^^^^^^^^^^
                              compressor, filters, drop_axes, self._axis)
                              ^^^^^^^^^^^^^^^^^^^^^^^^^^^^^^^^^^^^^^^^^^^
  File "/Users/dh935740@reading.ac.uk/PyActiveStorage/activestorage/active.py", line 570, in _from_storage
    result, count, out_selection = future.result()
                                   ~~~~~~~~~~~~~^^
  File "/Users/dh935740@reading.ac.uk/miniconda3/envs/activestorage/lib/python3.14/concurrent/futures/_base.py", line 443, in result
    return self.__get_result()
           ~~~~~~~~~~~~~~~~~^^
  File "/Users/dh935740@reading.ac.uk/miniconda3/envs/activestorage/lib/python3.14/concurrent/futures/_base.py", line 395, in __get_result
    raise self._exception
  File "/Users/dh935740@reading.ac.uk/miniconda3/envs/activestorage/lib/python3.14/concurrent/futures/thread.py", line 86, in run
    result = ctx.run(self.task)
  File "/Users/dh935740@reading.ac.uk/miniconda3/envs/activestorage/lib/python3.14/concurrent/futures/thread.py", line 73, in run
    return fn(*args, **kwargs)
  File "/Users/dh935740@reading.ac.uk/PyActiveStorage/activestorage/active.py", line 711, in _process_chunk
    tmp, count = reductionist.reduce_chunk(
                 ~~~~~~~~~~~~~~~~~~~~~~~~~^
        session,
        ^^^^^^^^
    ...<11 lines>...
        axis,
        ^^^^^
        operation=self._method)
        ^^^^^^^^^^^^^^^^^^^^^^^
  File "/Users/dh935740@reading.ac.uk/PyActiveStorage/activestorage/reductionist.py", line 99, in reduce_chunk
    decode_and_raise_error(response)
    ~~~~~~~~~~~~~~~~~~~~~~^^^^^^^^^^
  File "/Users/dh935740@reading.ac.uk/PyActiveStorage/activestorage/reductionist.py", line 262, in decode_and_raise_error
    raise ReductionistError(response.status_code, "-") from exc
activestorage.reductionist.ReductionistError: Reductionist error: HTTP 503: -
       15.23 real         4.78 user         1.40 sys
           354451456  maximum resident set size
                   0  average shared memory size
                   0  average unshared data size
                   0  average unshared stack size
               51690  page reclaims
                  19  page faults
                   0  swaps
                   0  block input operations
                   0  block output operations
                9767  messages sent
               73721  messages received
                   0  signals received
                4643  voluntary context switches
              196281  involuntary context switches
         67839285156  instructions retired
         23884520888  cycles elapsed
           223626248  peak memory footprint
----------------------
Run 22:
S3 Test file path: bnl/ch330a.pc19790301-bnl.nc
Target Variable: UM_m01s16i202_vn1106
Dataset loaded from S3 with s3fs and Pyfive: bnl/ch330a.pc19790301-bnl.nc (0.14,3.8)
Loaded dataset <HDF5 dataset "UM_m01s16i202_vn1106": shape (40, 1920, 2560), type "float32">
Reductionist error: HTTP 503: -
Traceback (most recent call last):
  File "/Users/dh935740@reading.ac.uk/miniconda3/envs/activestorage/lib/python3.14/site-packages/requests/models.py", line 965, in json
    return complexjson.loads(self.content.decode(encoding), **kwargs)
           ~~~~~~~~~~~~~~~~~^^^^^^^^^^^^^^^^^^^^^^^^^^^^^^^^^^^^^^^^^
  File "/Users/dh935740@reading.ac.uk/miniconda3/envs/activestorage/lib/python3.14/json/__init__.py", line 352, in loads
    return _default_decoder.decode(s)
           ~~~~~~~~~~~~~~~~~~~~~~~^^^
  File "/Users/dh935740@reading.ac.uk/miniconda3/envs/activestorage/lib/python3.14/json/decoder.py", line 345, in decode
    obj, end = self.raw_decode(s, idx=_w(s, 0).end())
               ~~~~~~~~~~~~~~~^^^^^^^^^^^^^^^^^^^^^^^
  File "/Users/dh935740@reading.ac.uk/miniconda3/envs/activestorage/lib/python3.14/json/decoder.py", line 363, in raw_decode
    raise JSONDecodeError("Expecting value", s, err.value) from None
json.decoder.JSONDecodeError: Expecting value: line 1 column 1 (char 0)

During handling of the above exception, another exception occurred:

Traceback (most recent call last):
  File "/Users/dh935740@reading.ac.uk/PyActiveStorage/activestorage/reductionist.py", line 259, in decode_and_raise_error
    error = json.dumps(response.json())
                       ~~~~~~~~~~~~~^^
  File "/Users/dh935740@reading.ac.uk/miniconda3/envs/activestorage/lib/python3.14/site-packages/requests/models.py", line 973, in json
    raise RequestsJSONDecodeError(e.msg, e.doc, e.pos)
requests.exceptions.JSONDecodeError: Expecting value: line 1 column 1 (char 0)

The above exception was the direct cause of the following exception:

Traceback (most recent call last):
  File "/Users/dh935740@reading.ac.uk/testing_PyActiveStorage/tests_Varsiha/scripts/run_new_tenancy.py", line 85, in <module>
    final_result = test_s3_file(target_file, target_var, active_slices)
  File "/Users/dh935740@reading.ac.uk/testing_PyActiveStorage/tests_Varsiha/scripts/run_new_tenancy.py", line 38, in test_s3_file
    result = active[sample_slice]
             ~~~~~~^^^^^^^^^^^^^^
  File "/Users/dh935740@reading.ac.uk/PyActiveStorage/activestorage/active.py", line 336, in __getitem__
    return self._get_selection(index)
           ~~~~~~~~~~~~~~~~~~~^^^^^^^
  File "/Users/dh935740@reading.ac.uk/PyActiveStorage/activestorage/active.py", line 467, in _get_selection
    return self._from_storage(ds, indexer, array._chunks, out_shape, dtype,
           ~~~~~~~~~~~~~~~~~~^^^^^^^^^^^^^^^^^^^^^^^^^^^^^^^^^^^^^^^^^^^^^^
                              compressor, filters, drop_axes, self._axis)
                              ^^^^^^^^^^^^^^^^^^^^^^^^^^^^^^^^^^^^^^^^^^^
  File "/Users/dh935740@reading.ac.uk/PyActiveStorage/activestorage/active.py", line 570, in _from_storage
    result, count, out_selection = future.result()
                                   ~~~~~~~~~~~~~^^
  File "/Users/dh935740@reading.ac.uk/miniconda3/envs/activestorage/lib/python3.14/concurrent/futures/_base.py", line 443, in result
    return self.__get_result()
           ~~~~~~~~~~~~~~~~~^^
  File "/Users/dh935740@reading.ac.uk/miniconda3/envs/activestorage/lib/python3.14/concurrent/futures/_base.py", line 395, in __get_result
    raise self._exception
  File "/Users/dh935740@reading.ac.uk/miniconda3/envs/activestorage/lib/python3.14/concurrent/futures/thread.py", line 86, in run
    result = ctx.run(self.task)
  File "/Users/dh935740@reading.ac.uk/miniconda3/envs/activestorage/lib/python3.14/concurrent/futures/thread.py", line 73, in run
    return fn(*args, **kwargs)
  File "/Users/dh935740@reading.ac.uk/PyActiveStorage/activestorage/active.py", line 711, in _process_chunk
    tmp, count = reductionist.reduce_chunk(
                 ~~~~~~~~~~~~~~~~~~~~~~~~~^
        session,
        ^^^^^^^^
    ...<11 lines>...
        axis,
        ^^^^^
        operation=self._method)
        ^^^^^^^^^^^^^^^^^^^^^^^
  File "/Users/dh935740@reading.ac.uk/PyActiveStorage/activestorage/reductionist.py", line 99, in reduce_chunk
    decode_and_raise_error(response)
    ~~~~~~~~~~~~~~~~~~~~~~^^^^^^^^^^
  File "/Users/dh935740@reading.ac.uk/PyActiveStorage/activestorage/reductionist.py", line 262, in decode_and_raise_error
    raise ReductionistError(response.status_code, "-") from exc
activestorage.reductionist.ReductionistError: Reductionist error: HTTP 503: -
       16.16 real        10.81 user         2.15 sys
          1343782912  maximum resident set size
                   0  average shared memory size
                   0  average unshared data size
                   0  average unshared stack size
              108702  page reclaims
                   1  page faults
                   0  swaps
                   0  block input operations
                   0  block output operations
               18055  messages sent
              100874  messages received
                   0  signals received
                7999  voluntary context switches
              260126  involuntary context switches
        152784485686  instructions retired
         47913605367  cycles elapsed
          1150225312  peak memory footprint
----------------------
Run 23:
S3 Test file path: bnl/ch330a.pc19790301-bnl.nc
Target Variable: UM_m01s16i202_vn1106
Dataset loaded from S3 with s3fs and Pyfive: bnl/ch330a.pc19790301-bnl.nc (0.16,3.8)
Loaded dataset <HDF5 dataset "UM_m01s16i202_vn1106": shape (40, 1920, 2560), type "float32">
Reductionist error: HTTP 503: -
Traceback (most recent call last):
  File "/Users/dh935740@reading.ac.uk/miniconda3/envs/activestorage/lib/python3.14/site-packages/requests/models.py", line 965, in json
    return complexjson.loads(self.content.decode(encoding), **kwargs)
           ~~~~~~~~~~~~~~~~~^^^^^^^^^^^^^^^^^^^^^^^^^^^^^^^^^^^^^^^^^
  File "/Users/dh935740@reading.ac.uk/miniconda3/envs/activestorage/lib/python3.14/json/__init__.py", line 352, in loads
    return _default_decoder.decode(s)
           ~~~~~~~~~~~~~~~~~~~~~~~^^^
  File "/Users/dh935740@reading.ac.uk/miniconda3/envs/activestorage/lib/python3.14/json/decoder.py", line 345, in decode
    obj, end = self.raw_decode(s, idx=_w(s, 0).end())
               ~~~~~~~~~~~~~~~^^^^^^^^^^^^^^^^^^^^^^^
  File "/Users/dh935740@reading.ac.uk/miniconda3/envs/activestorage/lib/python3.14/json/decoder.py", line 363, in raw_decode
    raise JSONDecodeError("Expecting value", s, err.value) from None
json.decoder.JSONDecodeError: Expecting value: line 1 column 1 (char 0)

During handling of the above exception, another exception occurred:

Traceback (most recent call last):
  File "/Users/dh935740@reading.ac.uk/PyActiveStorage/activestorage/reductionist.py", line 259, in decode_and_raise_error
    error = json.dumps(response.json())
                       ~~~~~~~~~~~~~^^
  File "/Users/dh935740@reading.ac.uk/miniconda3/envs/activestorage/lib/python3.14/site-packages/requests/models.py", line 973, in json
    raise RequestsJSONDecodeError(e.msg, e.doc, e.pos)
requests.exceptions.JSONDecodeError: Expecting value: line 1 column 1 (char 0)

The above exception was the direct cause of the following exception:

Traceback (most recent call last):
  File "/Users/dh935740@reading.ac.uk/testing_PyActiveStorage/tests_Varsiha/scripts/run_new_tenancy.py", line 85, in <module>
    final_result = test_s3_file(target_file, target_var, active_slices)
  File "/Users/dh935740@reading.ac.uk/testing_PyActiveStorage/tests_Varsiha/scripts/run_new_tenancy.py", line 38, in test_s3_file
    result = active[sample_slice]
             ~~~~~~^^^^^^^^^^^^^^
  File "/Users/dh935740@reading.ac.uk/PyActiveStorage/activestorage/active.py", line 336, in __getitem__
    return self._get_selection(index)
           ~~~~~~~~~~~~~~~~~~~^^^^^^^
  File "/Users/dh935740@reading.ac.uk/PyActiveStorage/activestorage/active.py", line 467, in _get_selection
    return self._from_storage(ds, indexer, array._chunks, out_shape, dtype,
           ~~~~~~~~~~~~~~~~~~^^^^^^^^^^^^^^^^^^^^^^^^^^^^^^^^^^^^^^^^^^^^^^
                              compressor, filters, drop_axes, self._axis)
                              ^^^^^^^^^^^^^^^^^^^^^^^^^^^^^^^^^^^^^^^^^^^
  File "/Users/dh935740@reading.ac.uk/PyActiveStorage/activestorage/active.py", line 570, in _from_storage
    result, count, out_selection = future.result()
                                   ~~~~~~~~~~~~~^^
  File "/Users/dh935740@reading.ac.uk/miniconda3/envs/activestorage/lib/python3.14/concurrent/futures/_base.py", line 443, in result
    return self.__get_result()
           ~~~~~~~~~~~~~~~~~^^
  File "/Users/dh935740@reading.ac.uk/miniconda3/envs/activestorage/lib/python3.14/concurrent/futures/_base.py", line 395, in __get_result
    raise self._exception
  File "/Users/dh935740@reading.ac.uk/miniconda3/envs/activestorage/lib/python3.14/concurrent/futures/thread.py", line 86, in run
    result = ctx.run(self.task)
  File "/Users/dh935740@reading.ac.uk/miniconda3/envs/activestorage/lib/python3.14/concurrent/futures/thread.py", line 73, in run
    return fn(*args, **kwargs)
  File "/Users/dh935740@reading.ac.uk/PyActiveStorage/activestorage/active.py", line 711, in _process_chunk
    tmp, count = reductionist.reduce_chunk(
                 ~~~~~~~~~~~~~~~~~~~~~~~~~^
        session,
        ^^^^^^^^
    ...<11 lines>...
        axis,
        ^^^^^
        operation=self._method)
        ^^^^^^^^^^^^^^^^^^^^^^^
  File "/Users/dh935740@reading.ac.uk/PyActiveStorage/activestorage/reductionist.py", line 99, in reduce_chunk
    decode_and_raise_error(response)
    ~~~~~~~~~~~~~~~~~~~~~~^^^^^^^^^^
  File "/Users/dh935740@reading.ac.uk/PyActiveStorage/activestorage/reductionist.py", line 262, in decode_and_raise_error
    raise ReductionistError(response.status_code, "-") from exc
activestorage.reductionist.ReductionistError: Reductionist error: HTTP 503: -
       15.11 real         4.55 user         1.36 sys
           361693184  maximum resident set size
                   0  average shared memory size
                   0  average unshared data size
                   0  average unshared stack size
               50104  page reclaims
                   1  page faults
                   0  swaps
                   0  block input operations
                   0  block output operations
                9487  messages sent
               72516  messages received
                   0  signals received
                3589  voluntary context switches
              194065  involuntary context switches
         64836296485  instructions retired
         22950296549  cycles elapsed
           221873136  peak memory footprint
----------------------
Run 24:
S3 Test file path: bnl/ch330a.pc19790301-bnl.nc
Target Variable: UM_m01s16i202_vn1106
Dataset loaded from S3 with s3fs and Pyfive: bnl/ch330a.pc19790301-bnl.nc (0.14,3.9)
Loaded dataset <HDF5 dataset "UM_m01s16i202_vn1106": shape (40, 1920, 2560), type "float32">
Reductionist error: HTTP 503: -
Traceback (most recent call last):
  File "/Users/dh935740@reading.ac.uk/miniconda3/envs/activestorage/lib/python3.14/site-packages/requests/models.py", line 965, in json
    return complexjson.loads(self.content.decode(encoding), **kwargs)
           ~~~~~~~~~~~~~~~~~^^^^^^^^^^^^^^^^^^^^^^^^^^^^^^^^^^^^^^^^^
  File "/Users/dh935740@reading.ac.uk/miniconda3/envs/activestorage/lib/python3.14/json/__init__.py", line 352, in loads
    return _default_decoder.decode(s)
           ~~~~~~~~~~~~~~~~~~~~~~~^^^
  File "/Users/dh935740@reading.ac.uk/miniconda3/envs/activestorage/lib/python3.14/json/decoder.py", line 345, in decode
    obj, end = self.raw_decode(s, idx=_w(s, 0).end())
               ~~~~~~~~~~~~~~~^^^^^^^^^^^^^^^^^^^^^^^
  File "/Users/dh935740@reading.ac.uk/miniconda3/envs/activestorage/lib/python3.14/json/decoder.py", line 363, in raw_decode
    raise JSONDecodeError("Expecting value", s, err.value) from None
json.decoder.JSONDecodeError: Expecting value: line 1 column 1 (char 0)

During handling of the above exception, another exception occurred:

Traceback (most recent call last):
  File "/Users/dh935740@reading.ac.uk/PyActiveStorage/activestorage/reductionist.py", line 259, in decode_and_raise_error
    error = json.dumps(response.json())
                       ~~~~~~~~~~~~~^^
  File "/Users/dh935740@reading.ac.uk/miniconda3/envs/activestorage/lib/python3.14/site-packages/requests/models.py", line 973, in json
    raise RequestsJSONDecodeError(e.msg, e.doc, e.pos)
requests.exceptions.JSONDecodeError: Expecting value: line 1 column 1 (char 0)

The above exception was the direct cause of the following exception:

Traceback (most recent call last):
  File "/Users/dh935740@reading.ac.uk/testing_PyActiveStorage/tests_Varsiha/scripts/run_new_tenancy.py", line 85, in <module>
    final_result = test_s3_file(target_file, target_var, active_slices)
  File "/Users/dh935740@reading.ac.uk/testing_PyActiveStorage/tests_Varsiha/scripts/run_new_tenancy.py", line 38, in test_s3_file
    result = active[sample_slice]
             ~~~~~~^^^^^^^^^^^^^^
  File "/Users/dh935740@reading.ac.uk/PyActiveStorage/activestorage/active.py", line 336, in __getitem__
    return self._get_selection(index)
           ~~~~~~~~~~~~~~~~~~~^^^^^^^
  File "/Users/dh935740@reading.ac.uk/PyActiveStorage/activestorage/active.py", line 467, in _get_selection
    return self._from_storage(ds, indexer, array._chunks, out_shape, dtype,
           ~~~~~~~~~~~~~~~~~~^^^^^^^^^^^^^^^^^^^^^^^^^^^^^^^^^^^^^^^^^^^^^^
                              compressor, filters, drop_axes, self._axis)
                              ^^^^^^^^^^^^^^^^^^^^^^^^^^^^^^^^^^^^^^^^^^^
  File "/Users/dh935740@reading.ac.uk/PyActiveStorage/activestorage/active.py", line 570, in _from_storage
    result, count, out_selection = future.result()
                                   ~~~~~~~~~~~~~^^
  File "/Users/dh935740@reading.ac.uk/miniconda3/envs/activestorage/lib/python3.14/concurrent/futures/_base.py", line 443, in result
    return self.__get_result()
           ~~~~~~~~~~~~~~~~~^^
  File "/Users/dh935740@reading.ac.uk/miniconda3/envs/activestorage/lib/python3.14/concurrent/futures/_base.py", line 395, in __get_result
    raise self._exception
  File "/Users/dh935740@reading.ac.uk/miniconda3/envs/activestorage/lib/python3.14/concurrent/futures/thread.py", line 86, in run
    result = ctx.run(self.task)
  File "/Users/dh935740@reading.ac.uk/miniconda3/envs/activestorage/lib/python3.14/concurrent/futures/thread.py", line 73, in run
    return fn(*args, **kwargs)
  File "/Users/dh935740@reading.ac.uk/PyActiveStorage/activestorage/active.py", line 711, in _process_chunk
    tmp, count = reductionist.reduce_chunk(
                 ~~~~~~~~~~~~~~~~~~~~~~~~~^
        session,
        ^^^^^^^^
    ...<11 lines>...
        axis,
        ^^^^^
        operation=self._method)
        ^^^^^^^^^^^^^^^^^^^^^^^
  File "/Users/dh935740@reading.ac.uk/PyActiveStorage/activestorage/reductionist.py", line 99, in reduce_chunk
    decode_and_raise_error(response)
    ~~~~~~~~~~~~~~~~~~~~~~^^^^^^^^^^
  File "/Users/dh935740@reading.ac.uk/PyActiveStorage/activestorage/reductionist.py", line 262, in decode_and_raise_error
    raise ReductionistError(response.status_code, "-") from exc
activestorage.reductionist.ReductionistError: Reductionist error: HTTP 503: -
       16.51 real         9.96 user         2.08 sys
          1182990336  maximum resident set size
                   0  average shared memory size
                   0  average unshared data size
                   0  average unshared stack size
              102472  page reclaims
                   1  page faults
                   0  swaps
                   0  block input operations
                   0  block output operations
               16759  messages sent
               98733  messages received
                   0  signals received
                7445  voluntary context switches
              250364  involuntary context switches
        139624201523  instructions retired
         44404837279  cycles elapsed
           999492320  peak memory footprint
----------------------
Run 25:
S3 Test file path: bnl/ch330a.pc19790301-bnl.nc
Target Variable: UM_m01s16i202_vn1106
Dataset loaded from S3 with s3fs and Pyfive: bnl/ch330a.pc19790301-bnl.nc (0.15,3.8)
Loaded dataset <HDF5 dataset "UM_m01s16i202_vn1106": shape (40, 1920, 2560), type "float32">
Reductionist error: HTTP 503: -
Traceback (most recent call last):
  File "/Users/dh935740@reading.ac.uk/miniconda3/envs/activestorage/lib/python3.14/site-packages/requests/models.py", line 965, in json
    return complexjson.loads(self.content.decode(encoding), **kwargs)
           ~~~~~~~~~~~~~~~~~^^^^^^^^^^^^^^^^^^^^^^^^^^^^^^^^^^^^^^^^^
  File "/Users/dh935740@reading.ac.uk/miniconda3/envs/activestorage/lib/python3.14/json/__init__.py", line 352, in loads
    return _default_decoder.decode(s)
           ~~~~~~~~~~~~~~~~~~~~~~~^^^
  File "/Users/dh935740@reading.ac.uk/miniconda3/envs/activestorage/lib/python3.14/json/decoder.py", line 345, in decode
    obj, end = self.raw_decode(s, idx=_w(s, 0).end())
               ~~~~~~~~~~~~~~~^^^^^^^^^^^^^^^^^^^^^^^
  File "/Users/dh935740@reading.ac.uk/miniconda3/envs/activestorage/lib/python3.14/json/decoder.py", line 363, in raw_decode
    raise JSONDecodeError("Expecting value", s, err.value) from None
json.decoder.JSONDecodeError: Expecting value: line 1 column 1 (char 0)

During handling of the above exception, another exception occurred:

Traceback (most recent call last):
  File "/Users/dh935740@reading.ac.uk/PyActiveStorage/activestorage/reductionist.py", line 259, in decode_and_raise_error
    error = json.dumps(response.json())
                       ~~~~~~~~~~~~~^^
  File "/Users/dh935740@reading.ac.uk/miniconda3/envs/activestorage/lib/python3.14/site-packages/requests/models.py", line 973, in json
    raise RequestsJSONDecodeError(e.msg, e.doc, e.pos)
requests.exceptions.JSONDecodeError: Expecting value: line 1 column 1 (char 0)

The above exception was the direct cause of the following exception:

Traceback (most recent call last):
  File "/Users/dh935740@reading.ac.uk/testing_PyActiveStorage/tests_Varsiha/scripts/run_new_tenancy.py", line 85, in <module>
    final_result = test_s3_file(target_file, target_var, active_slices)
  File "/Users/dh935740@reading.ac.uk/testing_PyActiveStorage/tests_Varsiha/scripts/run_new_tenancy.py", line 38, in test_s3_file
    result = active[sample_slice]
             ~~~~~~^^^^^^^^^^^^^^
  File "/Users/dh935740@reading.ac.uk/PyActiveStorage/activestorage/active.py", line 336, in __getitem__
    return self._get_selection(index)
           ~~~~~~~~~~~~~~~~~~~^^^^^^^
  File "/Users/dh935740@reading.ac.uk/PyActiveStorage/activestorage/active.py", line 467, in _get_selection
    return self._from_storage(ds, indexer, array._chunks, out_shape, dtype,
           ~~~~~~~~~~~~~~~~~~^^^^^^^^^^^^^^^^^^^^^^^^^^^^^^^^^^^^^^^^^^^^^^
                              compressor, filters, drop_axes, self._axis)
                              ^^^^^^^^^^^^^^^^^^^^^^^^^^^^^^^^^^^^^^^^^^^
  File "/Users/dh935740@reading.ac.uk/PyActiveStorage/activestorage/active.py", line 570, in _from_storage
    result, count, out_selection = future.result()
                                   ~~~~~~~~~~~~~^^
  File "/Users/dh935740@reading.ac.uk/miniconda3/envs/activestorage/lib/python3.14/concurrent/futures/_base.py", line 443, in result
    return self.__get_result()
           ~~~~~~~~~~~~~~~~~^^
  File "/Users/dh935740@reading.ac.uk/miniconda3/envs/activestorage/lib/python3.14/concurrent/futures/_base.py", line 395, in __get_result
    raise self._exception
  File "/Users/dh935740@reading.ac.uk/miniconda3/envs/activestorage/lib/python3.14/concurrent/futures/thread.py", line 86, in run
    result = ctx.run(self.task)
  File "/Users/dh935740@reading.ac.uk/miniconda3/envs/activestorage/lib/python3.14/concurrent/futures/thread.py", line 73, in run
    return fn(*args, **kwargs)
  File "/Users/dh935740@reading.ac.uk/PyActiveStorage/activestorage/active.py", line 711, in _process_chunk
    tmp, count = reductionist.reduce_chunk(
                 ~~~~~~~~~~~~~~~~~~~~~~~~~^
        session,
        ^^^^^^^^
    ...<11 lines>...
        axis,
        ^^^^^
        operation=self._method)
        ^^^^^^^^^^^^^^^^^^^^^^^
  File "/Users/dh935740@reading.ac.uk/PyActiveStorage/activestorage/reductionist.py", line 99, in reduce_chunk
    decode_and_raise_error(response)
    ~~~~~~~~~~~~~~~~~~~~~~^^^^^^^^^^
  File "/Users/dh935740@reading.ac.uk/PyActiveStorage/activestorage/reductionist.py", line 262, in decode_and_raise_error
    raise ReductionistError(response.status_code, "-") from exc
activestorage.reductionist.ReductionistError: Reductionist error: HTTP 503: -
       15.64 real         4.43 user         1.36 sys
           373145600  maximum resident set size
                   0  average shared memory size
                   0  average unshared data size
                   0  average unshared stack size
               46729  page reclaims
                   1  page faults
                   0  swaps
                   0  block input operations
                   0  block output operations
                9383  messages sent
               73778  messages received
                   0  signals received
                3716  voluntary context switches
              189891  involuntary context switches
         63845117812  instructions retired
         22372386174  cycles elapsed
           215516192  peak memory footprint
----------------------
Run 26:
S3 Test file path: bnl/ch330a.pc19790301-bnl.nc
Target Variable: UM_m01s16i202_vn1106
Dataset loaded from S3 with s3fs and Pyfive: bnl/ch330a.pc19790301-bnl.nc (0.17,3.9)
Loaded dataset <HDF5 dataset "UM_m01s16i202_vn1106": shape (40, 1920, 2560), type "float32">
Reductionist error: HTTP 503: -
Traceback (most recent call last):
  File "/Users/dh935740@reading.ac.uk/miniconda3/envs/activestorage/lib/python3.14/site-packages/requests/models.py", line 965, in json
    return complexjson.loads(self.content.decode(encoding), **kwargs)
           ~~~~~~~~~~~~~~~~~^^^^^^^^^^^^^^^^^^^^^^^^^^^^^^^^^^^^^^^^^
  File "/Users/dh935740@reading.ac.uk/miniconda3/envs/activestorage/lib/python3.14/json/__init__.py", line 352, in loads
    return _default_decoder.decode(s)
           ~~~~~~~~~~~~~~~~~~~~~~~^^^
  File "/Users/dh935740@reading.ac.uk/miniconda3/envs/activestorage/lib/python3.14/json/decoder.py", line 345, in decode
    obj, end = self.raw_decode(s, idx=_w(s, 0).end())
               ~~~~~~~~~~~~~~~^^^^^^^^^^^^^^^^^^^^^^^
  File "/Users/dh935740@reading.ac.uk/miniconda3/envs/activestorage/lib/python3.14/json/decoder.py", line 363, in raw_decode
    raise JSONDecodeError("Expecting value", s, err.value) from None
json.decoder.JSONDecodeError: Expecting value: line 1 column 1 (char 0)

During handling of the above exception, another exception occurred:

Traceback (most recent call last):
  File "/Users/dh935740@reading.ac.uk/PyActiveStorage/activestorage/reductionist.py", line 259, in decode_and_raise_error
    error = json.dumps(response.json())
                       ~~~~~~~~~~~~~^^
  File "/Users/dh935740@reading.ac.uk/miniconda3/envs/activestorage/lib/python3.14/site-packages/requests/models.py", line 973, in json
    raise RequestsJSONDecodeError(e.msg, e.doc, e.pos)
requests.exceptions.JSONDecodeError: Expecting value: line 1 column 1 (char 0)

The above exception was the direct cause of the following exception:

Traceback (most recent call last):
  File "/Users/dh935740@reading.ac.uk/testing_PyActiveStorage/tests_Varsiha/scripts/run_new_tenancy.py", line 85, in <module>
    final_result = test_s3_file(target_file, target_var, active_slices)
  File "/Users/dh935740@reading.ac.uk/testing_PyActiveStorage/tests_Varsiha/scripts/run_new_tenancy.py", line 38, in test_s3_file
    result = active[sample_slice]
             ~~~~~~^^^^^^^^^^^^^^
  File "/Users/dh935740@reading.ac.uk/PyActiveStorage/activestorage/active.py", line 336, in __getitem__
    return self._get_selection(index)
           ~~~~~~~~~~~~~~~~~~~^^^^^^^
  File "/Users/dh935740@reading.ac.uk/PyActiveStorage/activestorage/active.py", line 467, in _get_selection
    return self._from_storage(ds, indexer, array._chunks, out_shape, dtype,
           ~~~~~~~~~~~~~~~~~~^^^^^^^^^^^^^^^^^^^^^^^^^^^^^^^^^^^^^^^^^^^^^^
                              compressor, filters, drop_axes, self._axis)
                              ^^^^^^^^^^^^^^^^^^^^^^^^^^^^^^^^^^^^^^^^^^^
  File "/Users/dh935740@reading.ac.uk/PyActiveStorage/activestorage/active.py", line 570, in _from_storage
    result, count, out_selection = future.result()
                                   ~~~~~~~~~~~~~^^
  File "/Users/dh935740@reading.ac.uk/miniconda3/envs/activestorage/lib/python3.14/concurrent/futures/_base.py", line 443, in result
    return self.__get_result()
           ~~~~~~~~~~~~~~~~~^^
  File "/Users/dh935740@reading.ac.uk/miniconda3/envs/activestorage/lib/python3.14/concurrent/futures/_base.py", line 395, in __get_result
    raise self._exception
  File "/Users/dh935740@reading.ac.uk/miniconda3/envs/activestorage/lib/python3.14/concurrent/futures/thread.py", line 86, in run
    result = ctx.run(self.task)
  File "/Users/dh935740@reading.ac.uk/miniconda3/envs/activestorage/lib/python3.14/concurrent/futures/thread.py", line 73, in run
    return fn(*args, **kwargs)
  File "/Users/dh935740@reading.ac.uk/PyActiveStorage/activestorage/active.py", line 711, in _process_chunk
    tmp, count = reductionist.reduce_chunk(
                 ~~~~~~~~~~~~~~~~~~~~~~~~~^
        session,
        ^^^^^^^^
    ...<11 lines>...
        axis,
        ^^^^^
        operation=self._method)
        ^^^^^^^^^^^^^^^^^^^^^^^
  File "/Users/dh935740@reading.ac.uk/PyActiveStorage/activestorage/reductionist.py", line 99, in reduce_chunk
    decode_and_raise_error(response)
    ~~~~~~~~~~~~~~~~~~~~~~^^^^^^^^^^
  File "/Users/dh935740@reading.ac.uk/PyActiveStorage/activestorage/reductionist.py", line 262, in decode_and_raise_error
    raise ReductionistError(response.status_code, "-") from exc
activestorage.reductionist.ReductionistError: Reductionist error: HTTP 503: -
       16.55 real         9.20 user         1.99 sys
          1064714240  maximum resident set size
                   0  average shared memory size
                   0  average unshared data size
                   0  average unshared stack size
               95774  page reclaims
                   1  page faults
                   0  swaps
                   0  block input operations
                   0  block output operations
               15823  messages sent
               95670  messages received
                   0  signals received
                6886  voluntary context switches
              243932  involuntary context switches
        130164280410  instructions retired
         41560021974  cycles elapsed
           896895664  peak memory footprint
----------------------
Run 27:
S3 Test file path: bnl/ch330a.pc19790301-bnl.nc
Target Variable: UM_m01s16i202_vn1106
Dataset loaded from S3 with s3fs and Pyfive: bnl/ch330a.pc19790301-bnl.nc (0.14,3.8)
Loaded dataset <HDF5 dataset "UM_m01s16i202_vn1106": shape (40, 1920, 2560), type "float32">
Reductionist error: HTTP 503: -
Traceback (most recent call last):
  File "/Users/dh935740@reading.ac.uk/miniconda3/envs/activestorage/lib/python3.14/site-packages/requests/models.py", line 965, in json
    return complexjson.loads(self.content.decode(encoding), **kwargs)
           ~~~~~~~~~~~~~~~~~^^^^^^^^^^^^^^^^^^^^^^^^^^^^^^^^^^^^^^^^^
  File "/Users/dh935740@reading.ac.uk/miniconda3/envs/activestorage/lib/python3.14/json/__init__.py", line 352, in loads
    return _default_decoder.decode(s)
           ~~~~~~~~~~~~~~~~~~~~~~~^^^
  File "/Users/dh935740@reading.ac.uk/miniconda3/envs/activestorage/lib/python3.14/json/decoder.py", line 345, in decode
    obj, end = self.raw_decode(s, idx=_w(s, 0).end())
               ~~~~~~~~~~~~~~~^^^^^^^^^^^^^^^^^^^^^^^
  File "/Users/dh935740@reading.ac.uk/miniconda3/envs/activestorage/lib/python3.14/json/decoder.py", line 363, in raw_decode
    raise JSONDecodeError("Expecting value", s, err.value) from None
json.decoder.JSONDecodeError: Expecting value: line 1 column 1 (char 0)

During handling of the above exception, another exception occurred:

Traceback (most recent call last):
  File "/Users/dh935740@reading.ac.uk/PyActiveStorage/activestorage/reductionist.py", line 259, in decode_and_raise_error
    error = json.dumps(response.json())
                       ~~~~~~~~~~~~~^^
  File "/Users/dh935740@reading.ac.uk/miniconda3/envs/activestorage/lib/python3.14/site-packages/requests/models.py", line 973, in json
    raise RequestsJSONDecodeError(e.msg, e.doc, e.pos)
requests.exceptions.JSONDecodeError: Expecting value: line 1 column 1 (char 0)

The above exception was the direct cause of the following exception:

Traceback (most recent call last):
  File "/Users/dh935740@reading.ac.uk/testing_PyActiveStorage/tests_Varsiha/scripts/run_new_tenancy.py", line 85, in <module>
    final_result = test_s3_file(target_file, target_var, active_slices)
  File "/Users/dh935740@reading.ac.uk/testing_PyActiveStorage/tests_Varsiha/scripts/run_new_tenancy.py", line 38, in test_s3_file
    result = active[sample_slice]
             ~~~~~~^^^^^^^^^^^^^^
  File "/Users/dh935740@reading.ac.uk/PyActiveStorage/activestorage/active.py", line 336, in __getitem__
    return self._get_selection(index)
           ~~~~~~~~~~~~~~~~~~~^^^^^^^
  File "/Users/dh935740@reading.ac.uk/PyActiveStorage/activestorage/active.py", line 467, in _get_selection
    return self._from_storage(ds, indexer, array._chunks, out_shape, dtype,
           ~~~~~~~~~~~~~~~~~~^^^^^^^^^^^^^^^^^^^^^^^^^^^^^^^^^^^^^^^^^^^^^^
                              compressor, filters, drop_axes, self._axis)
                              ^^^^^^^^^^^^^^^^^^^^^^^^^^^^^^^^^^^^^^^^^^^
  File "/Users/dh935740@reading.ac.uk/PyActiveStorage/activestorage/active.py", line 570, in _from_storage
    result, count, out_selection = future.result()
                                   ~~~~~~~~~~~~~^^
  File "/Users/dh935740@reading.ac.uk/miniconda3/envs/activestorage/lib/python3.14/concurrent/futures/_base.py", line 443, in result
    return self.__get_result()
           ~~~~~~~~~~~~~~~~~^^
  File "/Users/dh935740@reading.ac.uk/miniconda3/envs/activestorage/lib/python3.14/concurrent/futures/_base.py", line 395, in __get_result
    raise self._exception
  File "/Users/dh935740@reading.ac.uk/miniconda3/envs/activestorage/lib/python3.14/concurrent/futures/thread.py", line 86, in run
    result = ctx.run(self.task)
  File "/Users/dh935740@reading.ac.uk/miniconda3/envs/activestorage/lib/python3.14/concurrent/futures/thread.py", line 73, in run
    return fn(*args, **kwargs)
  File "/Users/dh935740@reading.ac.uk/PyActiveStorage/activestorage/active.py", line 711, in _process_chunk
    tmp, count = reductionist.reduce_chunk(
                 ~~~~~~~~~~~~~~~~~~~~~~~~~^
        session,
        ^^^^^^^^
    ...<11 lines>...
        axis,
        ^^^^^
        operation=self._method)
        ^^^^^^^^^^^^^^^^^^^^^^^
  File "/Users/dh935740@reading.ac.uk/PyActiveStorage/activestorage/reductionist.py", line 99, in reduce_chunk
    decode_and_raise_error(response)
    ~~~~~~~~~~~~~~~~~~~~~~^^^^^^^^^^
  File "/Users/dh935740@reading.ac.uk/PyActiveStorage/activestorage/reductionist.py", line 262, in decode_and_raise_error
    raise ReductionistError(response.status_code, "-") from exc
activestorage.reductionist.ReductionistError: Reductionist error: HTTP 503: -
       15.33 real         4.47 user         1.35 sys
           372097024  maximum resident set size
                   0  average shared memory size
                   0  average unshared data size
                   0  average unshared stack size
               53290  page reclaims
                   1  page faults
                   0  swaps
                   0  block input operations
                   0  block output operations
                9391  messages sent
               73685  messages received
                   0  signals received
                3686  voluntary context switches
              190652  involuntary context switches
         63897848853  instructions retired
         22518630162  cycles elapsed
           215073656  peak memory footprint
----------------------
Run 28:
S3 Test file path: bnl/ch330a.pc19790301-bnl.nc
Target Variable: UM_m01s16i202_vn1106
Dataset loaded from S3 with s3fs and Pyfive: bnl/ch330a.pc19790301-bnl.nc (0.15,4.0)
Loaded dataset <HDF5 dataset "UM_m01s16i202_vn1106": shape (40, 1920, 2560), type "float32">
Reductionist error: HTTP 503: -
Traceback (most recent call last):
  File "/Users/dh935740@reading.ac.uk/miniconda3/envs/activestorage/lib/python3.14/site-packages/requests/models.py", line 965, in json
    return complexjson.loads(self.content.decode(encoding), **kwargs)
           ~~~~~~~~~~~~~~~~~^^^^^^^^^^^^^^^^^^^^^^^^^^^^^^^^^^^^^^^^^
  File "/Users/dh935740@reading.ac.uk/miniconda3/envs/activestorage/lib/python3.14/json/__init__.py", line 352, in loads
    return _default_decoder.decode(s)
           ~~~~~~~~~~~~~~~~~~~~~~~^^^
  File "/Users/dh935740@reading.ac.uk/miniconda3/envs/activestorage/lib/python3.14/json/decoder.py", line 345, in decode
    obj, end = self.raw_decode(s, idx=_w(s, 0).end())
               ~~~~~~~~~~~~~~~^^^^^^^^^^^^^^^^^^^^^^^
  File "/Users/dh935740@reading.ac.uk/miniconda3/envs/activestorage/lib/python3.14/json/decoder.py", line 363, in raw_decode
    raise JSONDecodeError("Expecting value", s, err.value) from None
json.decoder.JSONDecodeError: Expecting value: line 1 column 1 (char 0)

During handling of the above exception, another exception occurred:

Traceback (most recent call last):
  File "/Users/dh935740@reading.ac.uk/PyActiveStorage/activestorage/reductionist.py", line 259, in decode_and_raise_error
    error = json.dumps(response.json())
                       ~~~~~~~~~~~~~^^
  File "/Users/dh935740@reading.ac.uk/miniconda3/envs/activestorage/lib/python3.14/site-packages/requests/models.py", line 973, in json
    raise RequestsJSONDecodeError(e.msg, e.doc, e.pos)
requests.exceptions.JSONDecodeError: Expecting value: line 1 column 1 (char 0)

The above exception was the direct cause of the following exception:

Traceback (most recent call last):
  File "/Users/dh935740@reading.ac.uk/testing_PyActiveStorage/tests_Varsiha/scripts/run_new_tenancy.py", line 85, in <module>
    final_result = test_s3_file(target_file, target_var, active_slices)
  File "/Users/dh935740@reading.ac.uk/testing_PyActiveStorage/tests_Varsiha/scripts/run_new_tenancy.py", line 38, in test_s3_file
    result = active[sample_slice]
             ~~~~~~^^^^^^^^^^^^^^
  File "/Users/dh935740@reading.ac.uk/PyActiveStorage/activestorage/active.py", line 336, in __getitem__
    return self._get_selection(index)
           ~~~~~~~~~~~~~~~~~~~^^^^^^^
  File "/Users/dh935740@reading.ac.uk/PyActiveStorage/activestorage/active.py", line 467, in _get_selection
    return self._from_storage(ds, indexer, array._chunks, out_shape, dtype,
           ~~~~~~~~~~~~~~~~~~^^^^^^^^^^^^^^^^^^^^^^^^^^^^^^^^^^^^^^^^^^^^^^
                              compressor, filters, drop_axes, self._axis)
                              ^^^^^^^^^^^^^^^^^^^^^^^^^^^^^^^^^^^^^^^^^^^
  File "/Users/dh935740@reading.ac.uk/PyActiveStorage/activestorage/active.py", line 570, in _from_storage
    result, count, out_selection = future.result()
                                   ~~~~~~~~~~~~~^^
  File "/Users/dh935740@reading.ac.uk/miniconda3/envs/activestorage/lib/python3.14/concurrent/futures/_base.py", line 443, in result
    return self.__get_result()
           ~~~~~~~~~~~~~~~~~^^
  File "/Users/dh935740@reading.ac.uk/miniconda3/envs/activestorage/lib/python3.14/concurrent/futures/_base.py", line 395, in __get_result
    raise self._exception
  File "/Users/dh935740@reading.ac.uk/miniconda3/envs/activestorage/lib/python3.14/concurrent/futures/thread.py", line 86, in run
    result = ctx.run(self.task)
  File "/Users/dh935740@reading.ac.uk/miniconda3/envs/activestorage/lib/python3.14/concurrent/futures/thread.py", line 73, in run
    return fn(*args, **kwargs)
  File "/Users/dh935740@reading.ac.uk/PyActiveStorage/activestorage/active.py", line 711, in _process_chunk
    tmp, count = reductionist.reduce_chunk(
                 ~~~~~~~~~~~~~~~~~~~~~~~~~^
        session,
        ^^^^^^^^
    ...<11 lines>...
        axis,
        ^^^^^
        operation=self._method)
        ^^^^^^^^^^^^^^^^^^^^^^^
  File "/Users/dh935740@reading.ac.uk/PyActiveStorage/activestorage/reductionist.py", line 99, in reduce_chunk
    decode_and_raise_error(response)
    ~~~~~~~~~~~~~~~~~~~~~~^^^^^^^^^^
  File "/Users/dh935740@reading.ac.uk/PyActiveStorage/activestorage/reductionist.py", line 262, in decode_and_raise_error
    raise ReductionistError(response.status_code, "-") from exc
activestorage.reductionist.ReductionistError: Reductionist error: HTTP 503: -
       16.37 real        10.70 user         2.20 sys
          1282523136  maximum resident set size
                   0  average shared memory size
                   0  average unshared data size
                   0  average unshared stack size
              106515  page reclaims
                   1  page faults
                   0  swaps
                   0  block input operations
                   0  block output operations
               17959  messages sent
              101681  messages received
                   0  signals received
                7996  voluntary context switches
              264675  involuntary context switches
        152237126834  instructions retired
         47864491173  cycles elapsed
          1105218320  peak memory footprint
----------------------
Run 29:
S3 Test file path: bnl/ch330a.pc19790301-bnl.nc
Target Variable: UM_m01s16i202_vn1106
Dataset loaded from S3 with s3fs and Pyfive: bnl/ch330a.pc19790301-bnl.nc (0.15,3.8)
Loaded dataset <HDF5 dataset "UM_m01s16i202_vn1106": shape (40, 1920, 2560), type "float32">
Reductionist error: HTTP 503: -
Traceback (most recent call last):
  File "/Users/dh935740@reading.ac.uk/miniconda3/envs/activestorage/lib/python3.14/site-packages/requests/models.py", line 965, in json
    return complexjson.loads(self.content.decode(encoding), **kwargs)
           ~~~~~~~~~~~~~~~~~^^^^^^^^^^^^^^^^^^^^^^^^^^^^^^^^^^^^^^^^^
  File "/Users/dh935740@reading.ac.uk/miniconda3/envs/activestorage/lib/python3.14/json/__init__.py", line 352, in loads
    return _default_decoder.decode(s)
           ~~~~~~~~~~~~~~~~~~~~~~~^^^
  File "/Users/dh935740@reading.ac.uk/miniconda3/envs/activestorage/lib/python3.14/json/decoder.py", line 345, in decode
    obj, end = self.raw_decode(s, idx=_w(s, 0).end())
               ~~~~~~~~~~~~~~~^^^^^^^^^^^^^^^^^^^^^^^
  File "/Users/dh935740@reading.ac.uk/miniconda3/envs/activestorage/lib/python3.14/json/decoder.py", line 363, in raw_decode
    raise JSONDecodeError("Expecting value", s, err.value) from None
json.decoder.JSONDecodeError: Expecting value: line 1 column 1 (char 0)

During handling of the above exception, another exception occurred:

Traceback (most recent call last):
  File "/Users/dh935740@reading.ac.uk/PyActiveStorage/activestorage/reductionist.py", line 259, in decode_and_raise_error
    error = json.dumps(response.json())
                       ~~~~~~~~~~~~~^^
  File "/Users/dh935740@reading.ac.uk/miniconda3/envs/activestorage/lib/python3.14/site-packages/requests/models.py", line 973, in json
    raise RequestsJSONDecodeError(e.msg, e.doc, e.pos)
requests.exceptions.JSONDecodeError: Expecting value: line 1 column 1 (char 0)

The above exception was the direct cause of the following exception:

Traceback (most recent call last):
  File "/Users/dh935740@reading.ac.uk/testing_PyActiveStorage/tests_Varsiha/scripts/run_new_tenancy.py", line 85, in <module>
    final_result = test_s3_file(target_file, target_var, active_slices)
  File "/Users/dh935740@reading.ac.uk/testing_PyActiveStorage/tests_Varsiha/scripts/run_new_tenancy.py", line 38, in test_s3_file
    result = active[sample_slice]
             ~~~~~~^^^^^^^^^^^^^^
  File "/Users/dh935740@reading.ac.uk/PyActiveStorage/activestorage/active.py", line 336, in __getitem__
    return self._get_selection(index)
           ~~~~~~~~~~~~~~~~~~~^^^^^^^
  File "/Users/dh935740@reading.ac.uk/PyActiveStorage/activestorage/active.py", line 467, in _get_selection
    return self._from_storage(ds, indexer, array._chunks, out_shape, dtype,
           ~~~~~~~~~~~~~~~~~~^^^^^^^^^^^^^^^^^^^^^^^^^^^^^^^^^^^^^^^^^^^^^^
                              compressor, filters, drop_axes, self._axis)
                              ^^^^^^^^^^^^^^^^^^^^^^^^^^^^^^^^^^^^^^^^^^^
  File "/Users/dh935740@reading.ac.uk/PyActiveStorage/activestorage/active.py", line 570, in _from_storage
    result, count, out_selection = future.result()
                                   ~~~~~~~~~~~~~^^
  File "/Users/dh935740@reading.ac.uk/miniconda3/envs/activestorage/lib/python3.14/concurrent/futures/_base.py", line 443, in result
    return self.__get_result()
           ~~~~~~~~~~~~~~~~~^^
  File "/Users/dh935740@reading.ac.uk/miniconda3/envs/activestorage/lib/python3.14/concurrent/futures/_base.py", line 395, in __get_result
    raise self._exception
  File "/Users/dh935740@reading.ac.uk/miniconda3/envs/activestorage/lib/python3.14/concurrent/futures/thread.py", line 86, in run
    result = ctx.run(self.task)
  File "/Users/dh935740@reading.ac.uk/miniconda3/envs/activestorage/lib/python3.14/concurrent/futures/thread.py", line 73, in run
    return fn(*args, **kwargs)
  File "/Users/dh935740@reading.ac.uk/PyActiveStorage/activestorage/active.py", line 711, in _process_chunk
    tmp, count = reductionist.reduce_chunk(
                 ~~~~~~~~~~~~~~~~~~~~~~~~~^
        session,
        ^^^^^^^^
    ...<11 lines>...
        axis,
        ^^^^^
        operation=self._method)
        ^^^^^^^^^^^^^^^^^^^^^^^
  File "/Users/dh935740@reading.ac.uk/PyActiveStorage/activestorage/reductionist.py", line 99, in reduce_chunk
    decode_and_raise_error(response)
    ~~~~~~~~~~~~~~~~~~~~~~^^^^^^^^^^
  File "/Users/dh935740@reading.ac.uk/PyActiveStorage/activestorage/reductionist.py", line 262, in decode_and_raise_error
    raise ReductionistError(response.status_code, "-") from exc
activestorage.reductionist.ReductionistError: Reductionist error: HTTP 503: -
       15.32 real         4.23 user         1.33 sys
           360775680  maximum resident set size
                   0  average shared memory size
                   0  average unshared data size
                   0  average unshared stack size
               47998  page reclaims
                   1  page faults
                   0  swaps
                   0  block input operations
                   0  block output operations
                9071  messages sent
               72345  messages received
                   0  signals received
                3550  voluntary context switches
              187720  involuntary context switches
         60430164113  instructions retired
         21440573156  cycles elapsed
           224216096  peak memory footprint
----------------------
Run 30:
S3 Test file path: bnl/ch330a.pc19790301-bnl.nc
Target Variable: UM_m01s16i202_vn1106
Dataset loaded from S3 with s3fs and Pyfive: bnl/ch330a.pc19790301-bnl.nc (0.14,3.8)
Loaded dataset <HDF5 dataset "UM_m01s16i202_vn1106": shape (40, 1920, 2560), type "float32">
Reductionist error: HTTP 503: -
Traceback (most recent call last):
  File "/Users/dh935740@reading.ac.uk/miniconda3/envs/activestorage/lib/python3.14/site-packages/requests/models.py", line 965, in json
    return complexjson.loads(self.content.decode(encoding), **kwargs)
           ~~~~~~~~~~~~~~~~~^^^^^^^^^^^^^^^^^^^^^^^^^^^^^^^^^^^^^^^^^
  File "/Users/dh935740@reading.ac.uk/miniconda3/envs/activestorage/lib/python3.14/json/__init__.py", line 352, in loads
    return _default_decoder.decode(s)
           ~~~~~~~~~~~~~~~~~~~~~~~^^^
  File "/Users/dh935740@reading.ac.uk/miniconda3/envs/activestorage/lib/python3.14/json/decoder.py", line 345, in decode
    obj, end = self.raw_decode(s, idx=_w(s, 0).end())
               ~~~~~~~~~~~~~~~^^^^^^^^^^^^^^^^^^^^^^^
  File "/Users/dh935740@reading.ac.uk/miniconda3/envs/activestorage/lib/python3.14/json/decoder.py", line 363, in raw_decode
    raise JSONDecodeError("Expecting value", s, err.value) from None
json.decoder.JSONDecodeError: Expecting value: line 1 column 1 (char 0)

During handling of the above exception, another exception occurred:

Traceback (most recent call last):
  File "/Users/dh935740@reading.ac.uk/PyActiveStorage/activestorage/reductionist.py", line 259, in decode_and_raise_error
    error = json.dumps(response.json())
                       ~~~~~~~~~~~~~^^
  File "/Users/dh935740@reading.ac.uk/miniconda3/envs/activestorage/lib/python3.14/site-packages/requests/models.py", line 973, in json
    raise RequestsJSONDecodeError(e.msg, e.doc, e.pos)
requests.exceptions.JSONDecodeError: Expecting value: line 1 column 1 (char 0)

The above exception was the direct cause of the following exception:

Traceback (most recent call last):
  File "/Users/dh935740@reading.ac.uk/testing_PyActiveStorage/tests_Varsiha/scripts/run_new_tenancy.py", line 85, in <module>
    final_result = test_s3_file(target_file, target_var, active_slices)
  File "/Users/dh935740@reading.ac.uk/testing_PyActiveStorage/tests_Varsiha/scripts/run_new_tenancy.py", line 38, in test_s3_file
    result = active[sample_slice]
             ~~~~~~^^^^^^^^^^^^^^
  File "/Users/dh935740@reading.ac.uk/PyActiveStorage/activestorage/active.py", line 336, in __getitem__
    return self._get_selection(index)
           ~~~~~~~~~~~~~~~~~~~^^^^^^^
  File "/Users/dh935740@reading.ac.uk/PyActiveStorage/activestorage/active.py", line 467, in _get_selection
    return self._from_storage(ds, indexer, array._chunks, out_shape, dtype,
           ~~~~~~~~~~~~~~~~~~^^^^^^^^^^^^^^^^^^^^^^^^^^^^^^^^^^^^^^^^^^^^^^
                              compressor, filters, drop_axes, self._axis)
                              ^^^^^^^^^^^^^^^^^^^^^^^^^^^^^^^^^^^^^^^^^^^
  File "/Users/dh935740@reading.ac.uk/PyActiveStorage/activestorage/active.py", line 570, in _from_storage
    result, count, out_selection = future.result()
                                   ~~~~~~~~~~~~~^^
  File "/Users/dh935740@reading.ac.uk/miniconda3/envs/activestorage/lib/python3.14/concurrent/futures/_base.py", line 443, in result
    return self.__get_result()
           ~~~~~~~~~~~~~~~~~^^
  File "/Users/dh935740@reading.ac.uk/miniconda3/envs/activestorage/lib/python3.14/concurrent/futures/_base.py", line 395, in __get_result
    raise self._exception
  File "/Users/dh935740@reading.ac.uk/miniconda3/envs/activestorage/lib/python3.14/concurrent/futures/thread.py", line 86, in run
    result = ctx.run(self.task)
  File "/Users/dh935740@reading.ac.uk/miniconda3/envs/activestorage/lib/python3.14/concurrent/futures/thread.py", line 73, in run
    return fn(*args, **kwargs)
  File "/Users/dh935740@reading.ac.uk/PyActiveStorage/activestorage/active.py", line 711, in _process_chunk
    tmp, count = reductionist.reduce_chunk(
                 ~~~~~~~~~~~~~~~~~~~~~~~~~^
        session,
        ^^^^^^^^
    ...<11 lines>...
        axis,
        ^^^^^
        operation=self._method)
        ^^^^^^^^^^^^^^^^^^^^^^^
  File "/Users/dh935740@reading.ac.uk/PyActiveStorage/activestorage/reductionist.py", line 99, in reduce_chunk
    decode_and_raise_error(response)
    ~~~~~~~~~~~~~~~~~~~~~~^^^^^^^^^^
  File "/Users/dh935740@reading.ac.uk/PyActiveStorage/activestorage/reductionist.py", line 262, in decode_and_raise_error
    raise ReductionistError(response.status_code, "-") from exc
activestorage.reductionist.ReductionistError: Reductionist error: HTTP 503: -
       16.24 real        11.35 user         2.24 sys
          1342865408  maximum resident set size
                   0  average shared memory size
                   0  average unshared data size
                   0  average unshared stack size
              108160  page reclaims
                   1  page faults
                   0  swaps
                   0  block input operations
                   0  block output operations
               18711  messages sent
              102793  messages received
                   0  signals received
                8413  voluntary context switches
              266705  involuntary context switches
        159755773736  instructions retired
         50152867438  cycles elapsed
          1164102488  peak memory footprint
----------------------
